:START_ID,:END_ID,:TYPE
600051,2000000,BELONGS_INDUSTRY
600209,2000000,BELONGS_INDUSTRY
600212,2000000,BELONGS_INDUSTRY
600256,2000000,BELONGS_INDUSTRY
600576,2000000,BELONGS_INDUSTRY
600603,2000000,BELONGS_INDUSTRY
600614,2000000,BELONGS_INDUSTRY
600620,2000000,BELONGS_INDUSTRY
600622,2000000,BELONGS_INDUSTRY
600624,2000000,BELONGS_INDUSTRY
600647,2000000,BELONGS_INDUSTRY
600656,2000000,BELONGS_INDUSTRY
600687,2000000,BELONGS_INDUSTRY
600701,2000000,BELONGS_INDUSTRY
600730,2000000,BELONGS_INDUSTRY
600770,2000000,BELONGS_INDUSTRY
600777,2000000,BELONGS_INDUSTRY
600800,2000000,BELONGS_INDUSTRY
600805,2000000,BELONGS_INDUSTRY
600811,2000000,BELONGS_INDUSTRY
600832,2000000,BELONGS_INDUSTRY
600846,2000000,BELONGS_INDUSTRY
600892,2000000,BELONGS_INDUSTRY
000008,2000000,BELONGS_INDUSTRY
000301,2000000,BELONGS_INDUSTRY
000576,2000000,BELONGS_INDUSTRY
000632,2000000,BELONGS_INDUSTRY
000633,2000000,BELONGS_INDUSTRY
000652,2000000,BELONGS_INDUSTRY
000701,2000000,BELONGS_INDUSTRY
000839,2000000,BELONGS_INDUSTRY
000881,2000000,BELONGS_INDUSTRY
000909,2000000,BELONGS_INDUSTRY
600003,2000001,BELONGS_INDUSTRY
600012,2000001,BELONGS_INDUSTRY
600020,2000001,BELONGS_INDUSTRY
600033,2000001,BELONGS_INDUSTRY
600035,2000001,BELONGS_INDUSTRY
600106,2000001,BELONGS_INDUSTRY
600269,2000001,BELONGS_INDUSTRY
600350,2000001,BELONGS_INDUSTRY
600368,2000001,BELONGS_INDUSTRY
600377,2000001,BELONGS_INDUSTRY
600548,2000001,BELONGS_INDUSTRY
601107,2000001,BELONGS_INDUSTRY
601188,2000001,BELONGS_INDUSTRY
601518,2000001,BELONGS_INDUSTRY
000429,2000001,BELONGS_INDUSTRY
000548,2000001,BELONGS_INDUSTRY
000828,2000001,BELONGS_INDUSTRY
000886,2000001,BELONGS_INDUSTRY
000900,2000001,BELONGS_INDUSTRY
000916,2000001,BELONGS_INDUSTRY
600061,2000002,BELONGS_INDUSTRY
600063,2000002,BELONGS_INDUSTRY
600527,2000002,BELONGS_INDUSTRY
600810,2000002,BELONGS_INDUSTRY
600889,2000002,BELONGS_INDUSTRY
601113,2000002,BELONGS_INDUSTRY
601233,2000002,BELONGS_INDUSTRY
000420,2000002,BELONGS_INDUSTRY
000584,2000002,BELONGS_INDUSTRY
000615,2000002,BELONGS_INDUSTRY
000677,2000002,BELONGS_INDUSTRY
000687,2000002,BELONGS_INDUSTRY
000703,2000002,BELONGS_INDUSTRY
000782,2000002,BELONGS_INDUSTRY
000936,2000002,BELONGS_INDUSTRY
000949,2000002,BELONGS_INDUSTRY
000976,2000002,BELONGS_INDUSTRY
002015,2000002,BELONGS_INDUSTRY
002064,2000002,BELONGS_INDUSTRY
002080,2000002,BELONGS_INDUSTRY
002172,2000002,BELONGS_INDUSTRY
002206,2000002,BELONGS_INDUSTRY
002254,2000002,BELONGS_INDUSTRY
002427,2000002,BELONGS_INDUSTRY
002493,2000002,BELONGS_INDUSTRY
300180,2000002,BELONGS_INDUSTRY
600031,2000003,BELONGS_INDUSTRY
600114,2000003,BELONGS_INDUSTRY
600149,2000003,BELONGS_INDUSTRY
600169,2000003,BELONGS_INDUSTRY
600218,2000003,BELONGS_INDUSTRY
600243,2000003,BELONGS_INDUSTRY
600262,2000003,BELONGS_INDUSTRY
600320,2000003,BELONGS_INDUSTRY
600346,2000003,BELONGS_INDUSTRY
600388,2000003,BELONGS_INDUSTRY
600421,2000003,BELONGS_INDUSTRY
600435,2000003,BELONGS_INDUSTRY
600475,2000003,BELONGS_INDUSTRY
600499,2000003,BELONGS_INDUSTRY
600520,2000003,BELONGS_INDUSTRY
600526,2000003,BELONGS_INDUSTRY
600579,2000003,BELONGS_INDUSTRY
600582,2000003,BELONGS_INDUSTRY
600592,2000003,BELONGS_INDUSTRY
600619,2000003,BELONGS_INDUSTRY
600710,2000003,BELONGS_INDUSTRY
600761,2000003,BELONGS_INDUSTRY
600765,2000003,BELONGS_INDUSTRY
600806,2000003,BELONGS_INDUSTRY
600815,2000003,BELONGS_INDUSTRY
600841,2000003,BELONGS_INDUSTRY
600855,2000003,BELONGS_INDUSTRY
600860,2000003,BELONGS_INDUSTRY
600984,2000003,BELONGS_INDUSTRY
601002,2000003,BELONGS_INDUSTRY
601038,2000003,BELONGS_INDUSTRY
601100,2000003,BELONGS_INDUSTRY
601106,2000003,BELONGS_INDUSTRY
601177,2000003,BELONGS_INDUSTRY
601218,2000003,BELONGS_INDUSTRY
601226,2000003,BELONGS_INDUSTRY
601268,2000003,BELONGS_INDUSTRY
601369,2000003,BELONGS_INDUSTRY
601608,2000003,BELONGS_INDUSTRY
601717,2000003,BELONGS_INDUSTRY
601798,2000003,BELONGS_INDUSTRY
603011,2000003,BELONGS_INDUSTRY
603012,2000003,BELONGS_INDUSTRY
603088,2000003,BELONGS_INDUSTRY
603169,2000003,BELONGS_INDUSTRY
603308,2000003,BELONGS_INDUSTRY
603315,2000003,BELONGS_INDUSTRY
603318,2000003,BELONGS_INDUSTRY
603338,2000003,BELONGS_INDUSTRY
603355,2000003,BELONGS_INDUSTRY
603698,2000003,BELONGS_INDUSTRY
603699,2000003,BELONGS_INDUSTRY
603789,2000003,BELONGS_INDUSTRY
000039,2000003,BELONGS_INDUSTRY
000157,2000003,BELONGS_INDUSTRY
000404,2000003,BELONGS_INDUSTRY
000410,2000003,BELONGS_INDUSTRY
000425,2000003,BELONGS_INDUSTRY
000519,2000003,BELONGS_INDUSTRY
000528,2000003,BELONGS_INDUSTRY
000530,2000003,BELONGS_INDUSTRY
000551,2000003,BELONGS_INDUSTRY
000570,2000003,BELONGS_INDUSTRY
000595,2000003,BELONGS_INDUSTRY
000617,2000003,BELONGS_INDUSTRY
000678,2000003,BELONGS_INDUSTRY
000680,2000003,BELONGS_INDUSTRY
000777,2000003,BELONGS_INDUSTRY
000811,2000003,BELONGS_INDUSTRY
000816,2000003,BELONGS_INDUSTRY
000821,2000003,BELONGS_INDUSTRY
000837,2000003,BELONGS_INDUSTRY
000852,2000003,BELONGS_INDUSTRY
000856,2000003,BELONGS_INDUSTRY
000880,2000003,BELONGS_INDUSTRY
000903,2000003,BELONGS_INDUSTRY
000923,2000003,BELONGS_INDUSTRY
000925,2000003,BELONGS_INDUSTRY
002006,2000003,BELONGS_INDUSTRY
002009,2000003,BELONGS_INDUSTRY
002011,2000003,BELONGS_INDUSTRY
002026,2000003,BELONGS_INDUSTRY
002046,2000003,BELONGS_INDUSTRY
002050,2000003,BELONGS_INDUSTRY
002097,2000003,BELONGS_INDUSTRY
002101,2000003,BELONGS_INDUSTRY
002122,2000003,BELONGS_INDUSTRY
002131,2000003,BELONGS_INDUSTRY
002147,2000003,BELONGS_INDUSTRY
002150,2000003,BELONGS_INDUSTRY
002158,2000003,BELONGS_INDUSTRY
002204,2000003,BELONGS_INDUSTRY
002209,2000003,BELONGS_INDUSTRY
002248,2000003,BELONGS_INDUSTRY
002255,2000003,BELONGS_INDUSTRY
002270,2000003,BELONGS_INDUSTRY
002272,2000003,BELONGS_INDUSTRY
002278,2000003,BELONGS_INDUSTRY
002282,2000003,BELONGS_INDUSTRY
002328,2000003,BELONGS_INDUSTRY
002337,2000003,BELONGS_INDUSTRY
002342,2000003,BELONGS_INDUSTRY
002347,2000003,BELONGS_INDUSTRY
002353,2000003,BELONGS_INDUSTRY
002366,2000003,BELONGS_INDUSTRY
002413,2000003,BELONGS_INDUSTRY
002418,2000003,BELONGS_INDUSTRY
002430,2000003,BELONGS_INDUSTRY
002435,2000003,BELONGS_INDUSTRY
002438,2000003,BELONGS_INDUSTRY
002444,2000003,BELONGS_INDUSTRY
002445,2000003,BELONGS_INDUSTRY
002459,2000003,BELONGS_INDUSTRY
002472,2000003,BELONGS_INDUSTRY
002480,2000003,BELONGS_INDUSTRY
002483,2000003,BELONGS_INDUSTRY
002490,2000003,BELONGS_INDUSTRY
002499,2000003,BELONGS_INDUSTRY
002509,2000003,BELONGS_INDUSTRY
002514,2000003,BELONGS_INDUSTRY
002520,2000003,BELONGS_INDUSTRY
002523,2000003,BELONGS_INDUSTRY
002526,2000003,BELONGS_INDUSTRY
002529,2000003,BELONGS_INDUSTRY
002530,2000003,BELONGS_INDUSTRY
002532,2000003,BELONGS_INDUSTRY
002534,2000003,BELONGS_INDUSTRY
002535,2000003,BELONGS_INDUSTRY
002537,2000003,BELONGS_INDUSTRY
002552,2000003,BELONGS_INDUSTRY
002553,2000003,BELONGS_INDUSTRY
002559,2000003,BELONGS_INDUSTRY
002564,2000003,BELONGS_INDUSTRY
002591,2000003,BELONGS_INDUSTRY
002595,2000003,BELONGS_INDUSTRY
002598,2000003,BELONGS_INDUSTRY
002611,2000003,BELONGS_INDUSTRY
002613,2000003,BELONGS_INDUSTRY
002621,2000003,BELONGS_INDUSTRY
002630,2000003,BELONGS_INDUSTRY
002633,2000003,BELONGS_INDUSTRY
002639,2000003,BELONGS_INDUSTRY
002645,2000003,BELONGS_INDUSTRY
002651,2000003,BELONGS_INDUSTRY
002667,2000003,BELONGS_INDUSTRY
002680,2000003,BELONGS_INDUSTRY
002685,2000003,BELONGS_INDUSTRY
002686,2000003,BELONGS_INDUSTRY
002690,2000003,BELONGS_INDUSTRY
002691,2000003,BELONGS_INDUSTRY
002698,2000003,BELONGS_INDUSTRY
002747,2000003,BELONGS_INDUSTRY
300023,2000003,BELONGS_INDUSTRY
300024,2000003,BELONGS_INDUSTRY
300035,2000003,BELONGS_INDUSTRY
300056,2000003,BELONGS_INDUSTRY
300090,2000003,BELONGS_INDUSTRY
300091,2000003,BELONGS_INDUSTRY
300092,2000003,BELONGS_INDUSTRY
300095,2000003,BELONGS_INDUSTRY
300103,2000003,BELONGS_INDUSTRY
300116,2000003,BELONGS_INDUSTRY
300126,2000003,BELONGS_INDUSTRY
300145,2000003,BELONGS_INDUSTRY
300151,2000003,BELONGS_INDUSTRY
300152,2000003,BELONGS_INDUSTRY
300159,2000003,BELONGS_INDUSTRY
300161,2000003,BELONGS_INDUSTRY
300173,2000003,BELONGS_INDUSTRY
300185,2000003,BELONGS_INDUSTRY
300193,2000003,BELONGS_INDUSTRY
300195,2000003,BELONGS_INDUSTRY
300201,2000003,BELONGS_INDUSTRY
300202,2000003,BELONGS_INDUSTRY
300210,2000003,BELONGS_INDUSTRY
300228,2000003,BELONGS_INDUSTRY
300249,2000003,BELONGS_INDUSTRY
300257,2000003,BELONGS_INDUSTRY
300260,2000003,BELONGS_INDUSTRY
300263,2000003,BELONGS_INDUSTRY
300266,2000003,BELONGS_INDUSTRY
300272,2000003,BELONGS_INDUSTRY
300276,2000003,BELONGS_INDUSTRY
300278,2000003,BELONGS_INDUSTRY
300280,2000003,BELONGS_INDUSTRY
300281,2000003,BELONGS_INDUSTRY
300293,2000003,BELONGS_INDUSTRY
300307,2000003,BELONGS_INDUSTRY
300308,2000003,BELONGS_INDUSTRY
300309,2000003,BELONGS_INDUSTRY
300316,2000003,BELONGS_INDUSTRY
300334,2000003,BELONGS_INDUSTRY
300358,2000003,BELONGS_INDUSTRY
300362,2000003,BELONGS_INDUSTRY
300368,2000003,BELONGS_INDUSTRY
300382,2000003,BELONGS_INDUSTRY
300385,2000003,BELONGS_INDUSTRY
300391,2000003,BELONGS_INDUSTRY
300400,2000003,BELONGS_INDUSTRY
300402,2000003,BELONGS_INDUSTRY
300411,2000003,BELONGS_INDUSTRY
300415,2000003,BELONGS_INDUSTRY
300420,2000003,BELONGS_INDUSTRY
300421,2000003,BELONGS_INDUSTRY
300425,2000003,BELONGS_INDUSTRY
300427,2000003,BELONGS_INDUSTRY
300434,2000003,BELONGS_INDUSTRY
300435,2000003,BELONGS_INDUSTRY
300441,2000003,BELONGS_INDUSTRY
300442,2000003,BELONGS_INDUSTRY
300443,2000003,BELONGS_INDUSTRY
600062,2000004,BELONGS_INDUSTRY
600079,2000004,BELONGS_INDUSTRY
600080,2000004,BELONGS_INDUSTRY
600085,2000004,BELONGS_INDUSTRY
600129,2000004,BELONGS_INDUSTRY
600161,2000004,BELONGS_INDUSTRY
600196,2000004,BELONGS_INDUSTRY
600200,2000004,BELONGS_INDUSTRY
600201,2000004,BELONGS_INDUSTRY
600211,2000004,BELONGS_INDUSTRY
600216,2000004,BELONGS_INDUSTRY
600222,2000004,BELONGS_INDUSTRY
600252,2000004,BELONGS_INDUSTRY
600253,2000004,BELONGS_INDUSTRY
600267,2000004,BELONGS_INDUSTRY
600276,2000004,BELONGS_INDUSTRY
600285,2000004,BELONGS_INDUSTRY
600329,2000004,BELONGS_INDUSTRY
600332,2000004,BELONGS_INDUSTRY
600351,2000004,BELONGS_INDUSTRY
600380,2000004,BELONGS_INDUSTRY
600420,2000004,BELONGS_INDUSTRY
600422,2000004,BELONGS_INDUSTRY
600436,2000004,BELONGS_INDUSTRY
600466,2000004,BELONGS_INDUSTRY
600479,2000004,BELONGS_INDUSTRY
600488,2000004,BELONGS_INDUSTRY
600513,2000004,BELONGS_INDUSTRY
600518,2000004,BELONGS_INDUSTRY
600521,2000004,BELONGS_INDUSTRY
600530,2000004,BELONGS_INDUSTRY
600535,2000004,BELONGS_INDUSTRY
600557,2000004,BELONGS_INDUSTRY
600566,2000004,BELONGS_INDUSTRY
600572,2000004,BELONGS_INDUSTRY
600594,2000004,BELONGS_INDUSTRY
600613,2000004,BELONGS_INDUSTRY
600645,2000004,BELONGS_INDUSTRY
600664,2000004,BELONGS_INDUSTRY
600666,2000004,BELONGS_INDUSTRY
600671,2000004,BELONGS_INDUSTRY
600750,2000004,BELONGS_INDUSTRY
600771,2000004,BELONGS_INDUSTRY
600781,2000004,BELONGS_INDUSTRY
600789,2000004,BELONGS_INDUSTRY
600812,2000004,BELONGS_INDUSTRY
600829,2000004,BELONGS_INDUSTRY
600867,2000004,BELONGS_INDUSTRY
600976,2000004,BELONGS_INDUSTRY
600993,2000004,BELONGS_INDUSTRY
603168,2000004,BELONGS_INDUSTRY
603222,2000004,BELONGS_INDUSTRY
603456,2000004,BELONGS_INDUSTRY
603567,2000004,BELONGS_INDUSTRY
603998,2000004,BELONGS_INDUSTRY
000004,2000004,BELONGS_INDUSTRY
000078,2000004,BELONGS_INDUSTRY
000153,2000004,BELONGS_INDUSTRY
000403,2000004,BELONGS_INDUSTRY
000423,2000004,BELONGS_INDUSTRY
000513,2000004,BELONGS_INDUSTRY
000518,2000004,BELONGS_INDUSTRY
000522,2000004,BELONGS_INDUSTRY
000538,2000004,BELONGS_INDUSTRY
000566,2000004,BELONGS_INDUSTRY
000590,2000004,BELONGS_INDUSTRY
000597,2000004,BELONGS_INDUSTRY
000606,2000004,BELONGS_INDUSTRY
000623,2000004,BELONGS_INDUSTRY
000650,2000004,BELONGS_INDUSTRY
000661,2000004,BELONGS_INDUSTRY
000739,2000004,BELONGS_INDUSTRY
000756,2000004,BELONGS_INDUSTRY
000766,2000004,BELONGS_INDUSTRY
000788,2000004,BELONGS_INDUSTRY
000790,2000004,BELONGS_INDUSTRY
000908,2000004,BELONGS_INDUSTRY
000915,2000004,BELONGS_INDUSTRY
000919,2000004,BELONGS_INDUSTRY
000952,2000004,BELONGS_INDUSTRY
000963,2000004,BELONGS_INDUSTRY
000989,2000004,BELONGS_INDUSTRY
000999,2000004,BELONGS_INDUSTRY
002001,2000004,BELONGS_INDUSTRY
002007,2000004,BELONGS_INDUSTRY
002019,2000004,BELONGS_INDUSTRY
002020,2000004,BELONGS_INDUSTRY
002022,2000004,BELONGS_INDUSTRY
002030,2000004,BELONGS_INDUSTRY
002038,2000004,BELONGS_INDUSTRY
002099,2000004,BELONGS_INDUSTRY
002107,2000004,BELONGS_INDUSTRY
002118,2000004,BELONGS_INDUSTRY
002166,2000004,BELONGS_INDUSTRY
002198,2000004,BELONGS_INDUSTRY
002219,2000004,BELONGS_INDUSTRY
002252,2000004,BELONGS_INDUSTRY
002262,2000004,BELONGS_INDUSTRY
002275,2000004,BELONGS_INDUSTRY
002287,2000004,BELONGS_INDUSTRY
002294,2000004,BELONGS_INDUSTRY
002317,2000004,BELONGS_INDUSTRY
002332,2000004,BELONGS_INDUSTRY
002349,2000004,BELONGS_INDUSTRY
002365,2000004,BELONGS_INDUSTRY
002370,2000004,BELONGS_INDUSTRY
002390,2000004,BELONGS_INDUSTRY
002393,2000004,BELONGS_INDUSTRY
002399,2000004,BELONGS_INDUSTRY
002412,2000004,BELONGS_INDUSTRY
002422,2000004,BELONGS_INDUSTRY
002424,2000004,BELONGS_INDUSTRY
002433,2000004,BELONGS_INDUSTRY
002437,2000004,BELONGS_INDUSTRY
002550,2000004,BELONGS_INDUSTRY
002566,2000004,BELONGS_INDUSTRY
002603,2000004,BELONGS_INDUSTRY
002644,2000004,BELONGS_INDUSTRY
002653,2000004,BELONGS_INDUSTRY
002675,2000004,BELONGS_INDUSTRY
002688,2000004,BELONGS_INDUSTRY
002693,2000004,BELONGS_INDUSTRY
002727,2000004,BELONGS_INDUSTRY
002728,2000004,BELONGS_INDUSTRY
002737,2000004,BELONGS_INDUSTRY
002750,2000004,BELONGS_INDUSTRY
300006,2000004,BELONGS_INDUSTRY
300009,2000004,BELONGS_INDUSTRY
300016,2000004,BELONGS_INDUSTRY
300026,2000004,BELONGS_INDUSTRY
300039,2000004,BELONGS_INDUSTRY
300049,2000004,BELONGS_INDUSTRY
300086,2000004,BELONGS_INDUSTRY
300110,2000004,BELONGS_INDUSTRY
300119,2000004,BELONGS_INDUSTRY
300122,2000004,BELONGS_INDUSTRY
300142,2000004,BELONGS_INDUSTRY
300147,2000004,BELONGS_INDUSTRY
300158,2000004,BELONGS_INDUSTRY
300181,2000004,BELONGS_INDUSTRY
300194,2000004,BELONGS_INDUSTRY
300199,2000004,BELONGS_INDUSTRY
300204,2000004,BELONGS_INDUSTRY
300233,2000004,BELONGS_INDUSTRY
300239,2000004,BELONGS_INDUSTRY
300254,2000004,BELONGS_INDUSTRY
300255,2000004,BELONGS_INDUSTRY
300267,2000004,BELONGS_INDUSTRY
300289,2000004,BELONGS_INDUSTRY
300294,2000004,BELONGS_INDUSTRY
300357,2000004,BELONGS_INDUSTRY
300363,2000004,BELONGS_INDUSTRY
300406,2000004,BELONGS_INDUSTRY
300436,2000004,BELONGS_INDUSTRY
300439,2000004,BELONGS_INDUSTRY
600002,2000005,BELONGS_INDUSTRY
600028,2000005,BELONGS_INDUSTRY
600387,2000005,BELONGS_INDUSTRY
600583,2000005,BELONGS_INDUSTRY
600688,2000005,BELONGS_INDUSTRY
600759,2000005,BELONGS_INDUSTRY
600871,2000005,BELONGS_INDUSTRY
601808,2000005,BELONGS_INDUSTRY
601857,2000005,BELONGS_INDUSTRY
603003,2000005,BELONGS_INDUSTRY
000059,2000005,BELONGS_INDUSTRY
000096,2000005,BELONGS_INDUSTRY
000159,2000005,BELONGS_INDUSTRY
000554,2000005,BELONGS_INDUSTRY
000637,2000005,BELONGS_INDUSTRY
000819,2000005,BELONGS_INDUSTRY
002207,2000005,BELONGS_INDUSTRY
002221,2000005,BELONGS_INDUSTRY
002554,2000005,BELONGS_INDUSTRY
002629,2000005,BELONGS_INDUSTRY
300084,2000005,BELONGS_INDUSTRY
300157,2000005,BELONGS_INDUSTRY
300164,2000005,BELONGS_INDUSTRY
300191,2000005,BELONGS_INDUSTRY
600176,2000006,BELONGS_INDUSTRY
600184,2000006,BELONGS_INDUSTRY
600293,2000006,BELONGS_INDUSTRY
600529,2000006,BELONGS_INDUSTRY
600552,2000006,BELONGS_INDUSTRY
600586,2000006,BELONGS_INDUSTRY
600629,2000006,BELONGS_INDUSTRY
600819,2000006,BELONGS_INDUSTRY
600876,2000006,BELONGS_INDUSTRY
601636,2000006,BELONGS_INDUSTRY
603021,2000006,BELONGS_INDUSTRY
603601,2000006,BELONGS_INDUSTRY
000012,2000006,BELONGS_INDUSTRY
002571,2000006,BELONGS_INDUSTRY
002623,2000006,BELONGS_INDUSTRY
300093,2000006,BELONGS_INDUSTRY
300160,2000006,BELONGS_INDUSTRY
300196,2000006,BELONGS_INDUSTRY
300395,2000006,BELONGS_INDUSTRY
600366,2000007,BELONGS_INDUSTRY
600651,2000007,BELONGS_INDUSTRY
600848,2000007,BELONGS_INDUSTRY
601222,2000007,BELONGS_INDUSTRY
601567,2000007,BELONGS_INDUSTRY
603100,2000007,BELONGS_INDUSTRY
000676,2000007,BELONGS_INDUSTRY
000980,2000007,BELONGS_INDUSTRY
000988,2000007,BELONGS_INDUSTRY
002008,2000007,BELONGS_INDUSTRY
002058,2000007,BELONGS_INDUSTRY
002121,2000007,BELONGS_INDUSTRY
002175,2000007,BELONGS_INDUSTRY
002197,2000007,BELONGS_INDUSTRY
002214,2000007,BELONGS_INDUSTRY
002236,2000007,BELONGS_INDUSTRY
002338,2000007,BELONGS_INDUSTRY
002356,2000007,BELONGS_INDUSTRY
002414,2000007,BELONGS_INDUSTRY
002415,2000007,BELONGS_INDUSTRY
002518,2000007,BELONGS_INDUSTRY
002527,2000007,BELONGS_INDUSTRY
002658,2000007,BELONGS_INDUSTRY
300007,2000007,BELONGS_INDUSTRY
300012,2000007,BELONGS_INDUSTRY
300066,2000007,BELONGS_INDUSTRY
300097,2000007,BELONGS_INDUSTRY
300099,2000007,BELONGS_INDUSTRY
300105,2000007,BELONGS_INDUSTRY
300112,2000007,BELONGS_INDUSTRY
300124,2000007,BELONGS_INDUSTRY
300137,2000007,BELONGS_INDUSTRY
300165,2000007,BELONGS_INDUSTRY
300203,2000007,BELONGS_INDUSTRY
300259,2000007,BELONGS_INDUSTRY
300286,2000007,BELONGS_INDUSTRY
300306,2000007,BELONGS_INDUSTRY
300338,2000007,BELONGS_INDUSTRY
300349,2000007,BELONGS_INDUSTRY
300354,2000007,BELONGS_INDUSTRY
300360,2000007,BELONGS_INDUSTRY
300370,2000007,BELONGS_INDUSTRY
300371,2000007,BELONGS_INDUSTRY
300410,2000007,BELONGS_INDUSTRY
300416,2000007,BELONGS_INDUSTRY
300417,2000007,BELONGS_INDUSTRY
300430,2000007,BELONGS_INDUSTRY
300445,2000007,BELONGS_INDUSTRY
600004,2000008,BELONGS_INDUSTRY
600009,2000008,BELONGS_INDUSTRY
600017,2000008,BELONGS_INDUSTRY
600018,2000008,BELONGS_INDUSTRY
600026,2000008,BELONGS_INDUSTRY
600029,2000008,BELONGS_INDUSTRY
600057,2000008,BELONGS_INDUSTRY
600087,2000008,BELONGS_INDUSTRY
600115,2000008,BELONGS_INDUSTRY
600119,2000008,BELONGS_INDUSTRY
600125,2000008,BELONGS_INDUSTRY
600180,2000008,BELONGS_INDUSTRY
600190,2000008,BELONGS_INDUSTRY
600221,2000008,BELONGS_INDUSTRY
600242,2000008,BELONGS_INDUSTRY
600270,2000008,BELONGS_INDUSTRY
600279,2000008,BELONGS_INDUSTRY
600317,2000008,BELONGS_INDUSTRY
600386,2000008,BELONGS_INDUSTRY
600428,2000008,BELONGS_INDUSTRY
600495,2000008,BELONGS_INDUSTRY
600561,2000008,BELONGS_INDUSTRY
600575,2000008,BELONGS_INDUSTRY
600611,2000008,BELONGS_INDUSTRY
600650,2000008,BELONGS_INDUSTRY
600662,2000008,BELONGS_INDUSTRY
600692,2000008,BELONGS_INDUSTRY
600708,2000008,BELONGS_INDUSTRY
600717,2000008,BELONGS_INDUSTRY
600751,2000008,BELONGS_INDUSTRY
600787,2000008,BELONGS_INDUSTRY
600794,2000008,BELONGS_INDUSTRY
600798,2000008,BELONGS_INDUSTRY
600834,2000008,BELONGS_INDUSTRY
600835,2000008,BELONGS_INDUSTRY
600894,2000008,BELONGS_INDUSTRY
600896,2000008,BELONGS_INDUSTRY
600897,2000008,BELONGS_INDUSTRY
600967,2000008,BELONGS_INDUSTRY
601000,2000008,BELONGS_INDUSTRY
601006,2000008,BELONGS_INDUSTRY
601008,2000008,BELONGS_INDUSTRY
601018,2000008,BELONGS_INDUSTRY
601021,2000008,BELONGS_INDUSTRY
601111,2000008,BELONGS_INDUSTRY
601299,2000008,BELONGS_INDUSTRY
601313,2000008,BELONGS_INDUSTRY
601333,2000008,BELONGS_INDUSTRY
601766,2000008,BELONGS_INDUSTRY
601866,2000008,BELONGS_INDUSTRY
601872,2000008,BELONGS_INDUSTRY
601880,2000008,BELONGS_INDUSTRY
601919,2000008,BELONGS_INDUSTRY
603111,2000008,BELONGS_INDUSTRY
603128,2000008,BELONGS_INDUSTRY
603167,2000008,BELONGS_INDUSTRY
603611,2000008,BELONGS_INDUSTRY
000022,2000008,BELONGS_INDUSTRY
000088,2000008,BELONGS_INDUSTRY
000089,2000008,BELONGS_INDUSTRY
000099,2000008,BELONGS_INDUSTRY
000421,2000008,BELONGS_INDUSTRY
000507,2000008,BELONGS_INDUSTRY
000520,2000008,BELONGS_INDUSTRY
000582,2000008,BELONGS_INDUSTRY
000594,2000008,BELONGS_INDUSTRY
000905,2000008,BELONGS_INDUSTRY
000920,2000008,BELONGS_INDUSTRY
000996,2000008,BELONGS_INDUSTRY
002040,2000008,BELONGS_INDUSTRY
002183,2000008,BELONGS_INDUSTRY
002210,2000008,BELONGS_INDUSTRY
002245,2000008,BELONGS_INDUSTRY
002320,2000008,BELONGS_INDUSTRY
002357,2000008,BELONGS_INDUSTRY
002367,2000008,BELONGS_INDUSTRY
002448,2000008,BELONGS_INDUSTRY
002492,2000008,BELONGS_INDUSTRY
002592,2000008,BELONGS_INDUSTRY
002627,2000008,BELONGS_INDUSTRY
002682,2000008,BELONGS_INDUSTRY
002689,2000008,BELONGS_INDUSTRY
002711,2000008,BELONGS_INDUSTRY
300011,2000008,BELONGS_INDUSTRY
300013,2000008,BELONGS_INDUSTRY
300240,2000008,BELONGS_INDUSTRY
300350,2000008,BELONGS_INDUSTRY
600038,2000009,BELONGS_INDUSTRY
600118,2000009,BELONGS_INDUSTRY
600316,2000009,BELONGS_INDUSTRY
600343,2000009,BELONGS_INDUSTRY
600372,2000009,BELONGS_INDUSTRY
600391,2000009,BELONGS_INDUSTRY
600879,2000009,BELONGS_INDUSTRY
600893,2000009,BELONGS_INDUSTRY
000738,2000009,BELONGS_INDUSTRY
000768,2000009,BELONGS_INDUSTRY
000901,2000009,BELONGS_INDUSTRY
002023,2000009,BELONGS_INDUSTRY
002111,2000009,BELONGS_INDUSTRY
300424,2000009,BELONGS_INDUSTRY
600097,2000010,BELONGS_INDUSTRY
600108,2000010,BELONGS_INDUSTRY
600127,2000010,BELONGS_INDUSTRY
600189,2000010,BELONGS_INDUSTRY
600195,2000010,BELONGS_INDUSTRY
600251,2000010,BELONGS_INDUSTRY
600257,2000010,BELONGS_INDUSTRY
600265,2000010,BELONGS_INDUSTRY
600275,2000010,BELONGS_INDUSTRY
600313,2000010,BELONGS_INDUSTRY
600354,2000010,BELONGS_INDUSTRY
600359,2000010,BELONGS_INDUSTRY
600371,2000010,BELONGS_INDUSTRY
600438,2000010,BELONGS_INDUSTRY
600467,2000010,BELONGS_INDUSTRY
600506,2000010,BELONGS_INDUSTRY
600540,2000010,BELONGS_INDUSTRY
600598,2000010,BELONGS_INDUSTRY
600965,2000010,BELONGS_INDUSTRY
600975,2000010,BELONGS_INDUSTRY
601996,2000010,BELONGS_INDUSTRY
603609,2000010,BELONGS_INDUSTRY
000048,2000010,BELONGS_INDUSTRY
000061,2000010,BELONGS_INDUSTRY
000592,2000010,BELONGS_INDUSTRY
000663,2000010,BELONGS_INDUSTRY
000702,2000010,BELONGS_INDUSTRY
000713,2000010,BELONGS_INDUSTRY
000735,2000010,BELONGS_INDUSTRY
000798,2000010,BELONGS_INDUSTRY
000876,2000010,BELONGS_INDUSTRY
000998,2000010,BELONGS_INDUSTRY
002041,2000010,BELONGS_INDUSTRY
002069,2000010,BELONGS_INDUSTRY
002086,2000010,BELONGS_INDUSTRY
002100,2000010,BELONGS_INDUSTRY
002124,2000010,BELONGS_INDUSTRY
002157,2000010,BELONGS_INDUSTRY
002173,2000010,BELONGS_INDUSTRY
002234,2000010,BELONGS_INDUSTRY
002299,2000010,BELONGS_INDUSTRY
002311,2000010,BELONGS_INDUSTRY
002321,2000010,BELONGS_INDUSTRY
002385,2000010,BELONGS_INDUSTRY
002447,2000010,BELONGS_INDUSTRY
002458,2000010,BELONGS_INDUSTRY
002477,2000010,BELONGS_INDUSTRY
002505,2000010,BELONGS_INDUSTRY
002548,2000010,BELONGS_INDUSTRY
002567,2000010,BELONGS_INDUSTRY
002679,2000010,BELONGS_INDUSTRY
002696,2000010,BELONGS_INDUSTRY
002714,2000010,BELONGS_INDUSTRY
002746,2000010,BELONGS_INDUSTRY
300021,2000010,BELONGS_INDUSTRY
300087,2000010,BELONGS_INDUSTRY
300094,2000010,BELONGS_INDUSTRY
300106,2000010,BELONGS_INDUSTRY
300143,2000010,BELONGS_INDUSTRY
300186,2000010,BELONGS_INDUSTRY
300189,2000010,BELONGS_INDUSTRY
300268,2000010,BELONGS_INDUSTRY
300313,2000010,BELONGS_INDUSTRY
300381,2000010,BELONGS_INDUSTRY
600039,2000011,BELONGS_INDUSTRY
600068,2000011,BELONGS_INDUSTRY
600170,2000011,BELONGS_INDUSTRY
600248,2000011,BELONGS_INDUSTRY
600263,2000011,BELONGS_INDUSTRY
600284,2000011,BELONGS_INDUSTRY
600321,2000011,BELONGS_INDUSTRY
600326,2000011,BELONGS_INDUSTRY
600491,2000011,BELONGS_INDUSTRY
600502,2000011,BELONGS_INDUSTRY
600512,2000011,BELONGS_INDUSTRY
600528,2000011,BELONGS_INDUSTRY
600545,2000011,BELONGS_INDUSTRY
600634,2000011,BELONGS_INDUSTRY
600681,2000011,BELONGS_INDUSTRY
600820,2000011,BELONGS_INDUSTRY
600853,2000011,BELONGS_INDUSTRY
600970,2000011,BELONGS_INDUSTRY
600986,2000011,BELONGS_INDUSTRY
601117,2000011,BELONGS_INDUSTRY
601186,2000011,BELONGS_INDUSTRY
601390,2000011,BELONGS_INDUSTRY
601618,2000011,BELONGS_INDUSTRY
601668,2000011,BELONGS_INDUSTRY
601669,2000011,BELONGS_INDUSTRY
601789,2000011,BELONGS_INDUSTRY
601800,2000011,BELONGS_INDUSTRY
601886,2000011,BELONGS_INDUSTRY
603017,2000011,BELONGS_INDUSTRY
603018,2000011,BELONGS_INDUSTRY
603030,2000011,BELONGS_INDUSTRY
603828,2000011,BELONGS_INDUSTRY
603969,2000011,BELONGS_INDUSTRY
000010,2000011,BELONGS_INDUSTRY
000023,2000011,BELONGS_INDUSTRY
000055,2000011,BELONGS_INDUSTRY
000065,2000011,BELONGS_INDUSTRY
000090,2000011,BELONGS_INDUSTRY
000498,2000011,BELONGS_INDUSTRY
000509,2000011,BELONGS_INDUSTRY
000619,2000011,BELONGS_INDUSTRY
000786,2000011,BELONGS_INDUSTRY
000928,2000011,BELONGS_INDUSTRY
000961,2000011,BELONGS_INDUSTRY
002043,2000011,BELONGS_INDUSTRY
002047,2000011,BELONGS_INDUSTRY
002051,2000011,BELONGS_INDUSTRY
002060,2000011,BELONGS_INDUSTRY
002062,2000011,BELONGS_INDUSTRY
002066,2000011,BELONGS_INDUSTRY
002081,2000011,BELONGS_INDUSTRY
002116,2000011,BELONGS_INDUSTRY
002135,2000011,BELONGS_INDUSTRY
002140,2000011,BELONGS_INDUSTRY
002163,2000011,BELONGS_INDUSTRY
002178,2000011,BELONGS_INDUSTRY
002205,2000011,BELONGS_INDUSTRY
002225,2000011,BELONGS_INDUSTRY
002247,2000011,BELONGS_INDUSTRY
002271,2000011,BELONGS_INDUSTRY
002307,2000011,BELONGS_INDUSTRY
002310,2000011,BELONGS_INDUSTRY
002314,2000011,BELONGS_INDUSTRY
002325,2000011,BELONGS_INDUSTRY
002372,2000011,BELONGS_INDUSTRY
002375,2000011,BELONGS_INDUSTRY
002392,2000011,BELONGS_INDUSTRY
002398,2000011,BELONGS_INDUSTRY
002431,2000011,BELONGS_INDUSTRY
002468,2000011,BELONGS_INDUSTRY
002469,2000011,BELONGS_INDUSTRY
002482,2000011,BELONGS_INDUSTRY
002542,2000011,BELONGS_INDUSTRY
002586,2000011,BELONGS_INDUSTRY
002596,2000011,BELONGS_INDUSTRY
002620,2000011,BELONGS_INDUSTRY
002628,2000011,BELONGS_INDUSTRY
002652,2000011,BELONGS_INDUSTRY
002659,2000011,BELONGS_INDUSTRY
002663,2000011,BELONGS_INDUSTRY
002671,2000011,BELONGS_INDUSTRY
002713,2000011,BELONGS_INDUSTRY
002717,2000011,BELONGS_INDUSTRY
002738,2000011,BELONGS_INDUSTRY
002742,2000011,BELONGS_INDUSTRY
300080,2000011,BELONGS_INDUSTRY
300117,2000011,BELONGS_INDUSTRY
300163,2000011,BELONGS_INDUSTRY
300284,2000011,BELONGS_INDUSTRY
300344,2000011,BELONGS_INDUSTRY
300374,2000011,BELONGS_INDUSTRY
600143,2000012,BELONGS_INDUSTRY
600146,2000012,BELONGS_INDUSTRY
600444,2000012,BELONGS_INDUSTRY
600458,2000012,BELONGS_INDUSTRY
600589,2000012,BELONGS_INDUSTRY
603806,2000012,BELONGS_INDUSTRY
000407,2000012,BELONGS_INDUSTRY
000859,2000012,BELONGS_INDUSTRY
000973,2000012,BELONGS_INDUSTRY
002002,2000012,BELONGS_INDUSTRY
002108,2000012,BELONGS_INDUSTRY
002243,2000012,BELONGS_INDUSTRY
002263,2000012,BELONGS_INDUSTRY
002324,2000012,BELONGS_INDUSTRY
002343,2000012,BELONGS_INDUSTRY
002420,2000012,BELONGS_INDUSTRY
002457,2000012,BELONGS_INDUSTRY
002464,2000012,BELONGS_INDUSTRY
002522,2000012,BELONGS_INDUSTRY
002585,2000012,BELONGS_INDUSTRY
002641,2000012,BELONGS_INDUSTRY
002676,2000012,BELONGS_INDUSTRY
002694,2000012,BELONGS_INDUSTRY
002735,2000012,BELONGS_INDUSTRY
300169,2000012,BELONGS_INDUSTRY
300198,2000012,BELONGS_INDUSTRY
300218,2000012,BELONGS_INDUSTRY
300221,2000012,BELONGS_INDUSTRY
300230,2000012,BELONGS_INDUSTRY
300305,2000012,BELONGS_INDUSTRY
300321,2000012,BELONGS_INDUSTRY
300325,2000012,BELONGS_INDUSTRY
300393,2000012,BELONGS_INDUSTRY
600056,2000013,BELONGS_INDUSTRY
600122,2000013,BELONGS_INDUSTRY
600136,2000013,BELONGS_INDUSTRY
600280,2000013,BELONGS_INDUSTRY
600306,2000013,BELONGS_INDUSTRY
600327,2000013,BELONGS_INDUSTRY
600361,2000013,BELONGS_INDUSTRY
600415,2000013,BELONGS_INDUSTRY
600511,2000013,BELONGS_INDUSTRY
600515,2000013,BELONGS_INDUSTRY
600628,2000013,BELONGS_INDUSTRY
600631,2000013,BELONGS_INDUSTRY
600655,2000013,BELONGS_INDUSTRY
600682,2000013,BELONGS_INDUSTRY
600693,2000013,BELONGS_INDUSTRY
600694,2000013,BELONGS_INDUSTRY
600697,2000013,BELONGS_INDUSTRY
600712,2000013,BELONGS_INDUSTRY
600713,2000013,BELONGS_INDUSTRY
600723,2000013,BELONGS_INDUSTRY
600729,2000013,BELONGS_INDUSTRY
600738,2000013,BELONGS_INDUSTRY
600753,2000013,BELONGS_INDUSTRY
600774,2000013,BELONGS_INDUSTRY
600778,2000013,BELONGS_INDUSTRY
600785,2000013,BELONGS_INDUSTRY
600790,2000013,BELONGS_INDUSTRY
600814,2000013,BELONGS_INDUSTRY
600821,2000013,BELONGS_INDUSTRY
600824,2000013,BELONGS_INDUSTRY
600827,2000013,BELONGS_INDUSTRY
600828,2000013,BELONGS_INDUSTRY
600833,2000013,BELONGS_INDUSTRY
600838,2000013,BELONGS_INDUSTRY
600856,2000013,BELONGS_INDUSTRY
600857,2000013,BELONGS_INDUSTRY
600858,2000013,BELONGS_INDUSTRY
600859,2000013,BELONGS_INDUSTRY
600861,2000013,BELONGS_INDUSTRY
600865,2000013,BELONGS_INDUSTRY
600891,2000013,BELONGS_INDUSTRY
600898,2000013,BELONGS_INDUSTRY
600998,2000013,BELONGS_INDUSTRY
601010,2000013,BELONGS_INDUSTRY
601116,2000013,BELONGS_INDUSTRY
601607,2000013,BELONGS_INDUSTRY
601933,2000013,BELONGS_INDUSTRY
603123,2000013,BELONGS_INDUSTRY
603368,2000013,BELONGS_INDUSTRY
603883,2000013,BELONGS_INDUSTRY
603939,2000013,BELONGS_INDUSTRY
000026,2000013,BELONGS_INDUSTRY
000028,2000013,BELONGS_INDUSTRY
000062,2000013,BELONGS_INDUSTRY
000408,2000013,BELONGS_INDUSTRY
000411,2000013,BELONGS_INDUSTRY
000416,2000013,BELONGS_INDUSTRY
000417,2000013,BELONGS_INDUSTRY
000419,2000013,BELONGS_INDUSTRY
000501,2000013,BELONGS_INDUSTRY
000516,2000013,BELONGS_INDUSTRY
000560,2000013,BELONGS_INDUSTRY
000564,2000013,BELONGS_INDUSTRY
000587,2000013,BELONGS_INDUSTRY
000591,2000013,BELONGS_INDUSTRY
000638,2000013,BELONGS_INDUSTRY
000679,2000013,BELONGS_INDUSTRY
000705,2000013,BELONGS_INDUSTRY
000715,2000013,BELONGS_INDUSTRY
000759,2000013,BELONGS_INDUSTRY
000785,2000013,BELONGS_INDUSTRY
000829,2000013,BELONGS_INDUSTRY
000882,2000013,BELONGS_INDUSTRY
000889,2000013,BELONGS_INDUSTRY
000906,2000013,BELONGS_INDUSTRY
000987,2000013,BELONGS_INDUSTRY
002024,2000013,BELONGS_INDUSTRY
002187,2000013,BELONGS_INDUSTRY
002251,2000013,BELONGS_INDUSTRY
002264,2000013,BELONGS_INDUSTRY
002277,2000013,BELONGS_INDUSTRY
002336,2000013,BELONGS_INDUSTRY
002344,2000013,BELONGS_INDUSTRY
002416,2000013,BELONGS_INDUSTRY
002419,2000013,BELONGS_INDUSTRY
002441,2000013,BELONGS_INDUSTRY
002462,2000013,BELONGS_INDUSTRY
002556,2000013,BELONGS_INDUSTRY
002561,2000013,BELONGS_INDUSTRY
002589,2000013,BELONGS_INDUSTRY
002697,2000013,BELONGS_INDUSTRY
300022,2000013,BELONGS_INDUSTRY
300413,2000013,BELONGS_INDUSTRY
600070,2000014,BELONGS_INDUSTRY
600152,2000014,BELONGS_INDUSTRY
600156,2000014,BELONGS_INDUSTRY
600220,2000014,BELONGS_INDUSTRY
600232,2000014,BELONGS_INDUSTRY
600370,2000014,BELONGS_INDUSTRY
600448,2000014,BELONGS_INDUSTRY
600493,2000014,BELONGS_INDUSTRY
600626,2000014,BELONGS_INDUSTRY
600630,2000014,BELONGS_INDUSTRY
600689,2000014,BELONGS_INDUSTRY
600735,2000014,BELONGS_INDUSTRY
600851,2000014,BELONGS_INDUSTRY
600987,2000014,BELONGS_INDUSTRY
601339,2000014,BELONGS_INDUSTRY
601599,2000014,BELONGS_INDUSTRY
603558,2000014,BELONGS_INDUSTRY
603889,2000014,BELONGS_INDUSTRY
000018,2000014,BELONGS_INDUSTRY
000045,2000014,BELONGS_INDUSTRY
000158,2000014,BELONGS_INDUSTRY
000611,2000014,BELONGS_INDUSTRY
000726,2000014,BELONGS_INDUSTRY
000779,2000014,BELONGS_INDUSTRY
000803,2000014,BELONGS_INDUSTRY
000813,2000014,BELONGS_INDUSTRY
000850,2000014,BELONGS_INDUSTRY
000955,2000014,BELONGS_INDUSTRY
000971,2000014,BELONGS_INDUSTRY
000982,2000014,BELONGS_INDUSTRY
002034,2000014,BELONGS_INDUSTRY
002042,2000014,BELONGS_INDUSTRY
002070,2000014,BELONGS_INDUSTRY
002072,2000014,BELONGS_INDUSTRY
002083,2000014,BELONGS_INDUSTRY
002087,2000014,BELONGS_INDUSTRY
002127,2000014,BELONGS_INDUSTRY
002144,2000014,BELONGS_INDUSTRY
002193,2000014,BELONGS_INDUSTRY
002394,2000014,BELONGS_INDUSTRY
002404,2000014,BELONGS_INDUSTRY
002516,2000014,BELONGS_INDUSTRY
600055,2000015,BELONGS_INDUSTRY
600297,2000015,BELONGS_INDUSTRY
600587,2000015,BELONGS_INDUSTRY
600763,2000015,BELONGS_INDUSTRY
603309,2000015,BELONGS_INDUSTRY
000150,2000015,BELONGS_INDUSTRY
002223,2000015,BELONGS_INDUSTRY
002382,2000015,BELONGS_INDUSTRY
002432,2000015,BELONGS_INDUSTRY
002551,2000015,BELONGS_INDUSTRY
002614,2000015,BELONGS_INDUSTRY
300003,2000015,BELONGS_INDUSTRY
300015,2000015,BELONGS_INDUSTRY
300030,2000015,BELONGS_INDUSTRY
300061,2000015,BELONGS_INDUSTRY
300171,2000015,BELONGS_INDUSTRY
300206,2000015,BELONGS_INDUSTRY
300216,2000015,BELONGS_INDUSTRY
300238,2000015,BELONGS_INDUSTRY
300244,2000015,BELONGS_INDUSTRY
300246,2000015,BELONGS_INDUSTRY
300247,2000015,BELONGS_INDUSTRY
300273,2000015,BELONGS_INDUSTRY
300298,2000015,BELONGS_INDUSTRY
300314,2000015,BELONGS_INDUSTRY
300318,2000015,BELONGS_INDUSTRY
300326,2000015,BELONGS_INDUSTRY
300347,2000015,BELONGS_INDUSTRY
300396,2000015,BELONGS_INDUSTRY
300404,2000015,BELONGS_INDUSTRY
300412,2000015,BELONGS_INDUSTRY
600111,2000016,BELONGS_INDUSTRY
600139,2000016,BELONGS_INDUSTRY
600205,2000016,BELONGS_INDUSTRY
600219,2000016,BELONGS_INDUSTRY
600255,2000016,BELONGS_INDUSTRY
600259,2000016,BELONGS_INDUSTRY
600296,2000016,BELONGS_INDUSTRY
600311,2000016,BELONGS_INDUSTRY
600331,2000016,BELONGS_INDUSTRY
600338,2000016,BELONGS_INDUSTRY
600362,2000016,BELONGS_INDUSTRY
600390,2000016,BELONGS_INDUSTRY
600432,2000016,BELONGS_INDUSTRY
600456,2000016,BELONGS_INDUSTRY
600459,2000016,BELONGS_INDUSTRY
600489,2000016,BELONGS_INDUSTRY
600497,2000016,BELONGS_INDUSTRY
600531,2000016,BELONGS_INDUSTRY
600547,2000016,BELONGS_INDUSTRY
600549,2000016,BELONGS_INDUSTRY
600595,2000016,BELONGS_INDUSTRY
600673,2000016,BELONGS_INDUSTRY
600711,2000016,BELONGS_INDUSTRY
600714,2000016,BELONGS_INDUSTRY
600768,2000016,BELONGS_INDUSTRY
600888,2000016,BELONGS_INDUSTRY
600961,2000016,BELONGS_INDUSTRY
601137,2000016,BELONGS_INDUSTRY
601168,2000016,BELONGS_INDUSTRY
601600,2000016,BELONGS_INDUSTRY
601677,2000016,BELONGS_INDUSTRY
601899,2000016,BELONGS_INDUSTRY
601958,2000016,BELONGS_INDUSTRY
000060,2000016,BELONGS_INDUSTRY
000426,2000016,BELONGS_INDUSTRY
000587,2000016,BELONGS_INDUSTRY
000602,2000016,BELONGS_INDUSTRY
000603,2000016,BELONGS_INDUSTRY
000612,2000016,BELONGS_INDUSTRY
000630,2000016,BELONGS_INDUSTRY
000657,2000016,BELONGS_INDUSTRY
000697,2000016,BELONGS_INDUSTRY
000751,2000016,BELONGS_INDUSTRY
000758,2000016,BELONGS_INDUSTRY
000762,2000016,BELONGS_INDUSTRY
000807,2000016,BELONGS_INDUSTRY
000831,2000016,BELONGS_INDUSTRY
000878,2000016,BELONGS_INDUSTRY
000960,2000016,BELONGS_INDUSTRY
000962,2000016,BELONGS_INDUSTRY
002082,2000016,BELONGS_INDUSTRY
002114,2000016,BELONGS_INDUSTRY
002149,2000016,BELONGS_INDUSTRY
002155,2000016,BELONGS_INDUSTRY
002160,2000016,BELONGS_INDUSTRY
002167,2000016,BELONGS_INDUSTRY
002171,2000016,BELONGS_INDUSTRY
002182,2000016,BELONGS_INDUSTRY
002203,2000016,BELONGS_INDUSTRY
002237,2000016,BELONGS_INDUSTRY
002295,2000016,BELONGS_INDUSTRY
002333,2000016,BELONGS_INDUSTRY
002340,2000016,BELONGS_INDUSTRY
002378,2000016,BELONGS_INDUSTRY
002379,2000016,BELONGS_INDUSTRY
002428,2000016,BELONGS_INDUSTRY
002460,2000016,BELONGS_INDUSTRY
002501,2000016,BELONGS_INDUSTRY
002540,2000016,BELONGS_INDUSTRY
002578,2000016,BELONGS_INDUSTRY
002617,2000016,BELONGS_INDUSTRY
300034,2000016,BELONGS_INDUSTRY
600167,2000017,BELONGS_INDUSTRY
600168,2000017,BELONGS_INDUSTRY
600187,2000017,BELONGS_INDUSTRY
600283,2000017,BELONGS_INDUSTRY
600323,2000017,BELONGS_INDUSTRY
600333,2000017,BELONGS_INDUSTRY
600461,2000017,BELONGS_INDUSTRY
600617,2000017,BELONGS_INDUSTRY
600635,2000017,BELONGS_INDUSTRY
600649,2000017,BELONGS_INDUSTRY
600719,2000017,BELONGS_INDUSTRY
600758,2000017,BELONGS_INDUSTRY
600917,2000017,BELONGS_INDUSTRY
600982,2000017,BELONGS_INDUSTRY
601139,2000017,BELONGS_INDUSTRY
601158,2000017,BELONGS_INDUSTRY
601199,2000017,BELONGS_INDUSTRY
000593,2000017,BELONGS_INDUSTRY
000605,2000017,BELONGS_INDUSTRY
000669,2000017,BELONGS_INDUSTRY
000685,2000017,BELONGS_INDUSTRY
000692,2000017,BELONGS_INDUSTRY
000695,2000017,BELONGS_INDUSTRY
002267,2000017,BELONGS_INDUSTRY
002700,2000017,BELONGS_INDUSTRY
600089,2000018,BELONGS_INDUSTRY
600192,2000018,BELONGS_INDUSTRY
600268,2000018,BELONGS_INDUSTRY
600290,2000018,BELONGS_INDUSTRY
600312,2000018,BELONGS_INDUSTRY
600416,2000018,BELONGS_INDUSTRY
600517,2000018,BELONGS_INDUSTRY
600525,2000018,BELONGS_INDUSTRY
600550,2000018,BELONGS_INDUSTRY
600580,2000018,BELONGS_INDUSTRY
600590,2000018,BELONGS_INDUSTRY
600875,2000018,BELONGS_INDUSTRY
600973,2000018,BELONGS_INDUSTRY
601126,2000018,BELONGS_INDUSTRY
601179,2000018,BELONGS_INDUSTRY
601558,2000018,BELONGS_INDUSTRY
601700,2000018,BELONGS_INDUSTRY
601727,2000018,BELONGS_INDUSTRY
601877,2000018,BELONGS_INDUSTRY
603333,2000018,BELONGS_INDUSTRY
603618,2000018,BELONGS_INDUSTRY
000400,2000018,BELONGS_INDUSTRY
000585,2000018,BELONGS_INDUSTRY
000682,2000018,BELONGS_INDUSTRY
000806,2000018,BELONGS_INDUSTRY
000967,2000018,BELONGS_INDUSTRY
002028,2000018,BELONGS_INDUSTRY
002074,2000018,BELONGS_INDUSTRY
002112,2000018,BELONGS_INDUSTRY
002123,2000018,BELONGS_INDUSTRY
002130,2000018,BELONGS_INDUSTRY
002168,2000018,BELONGS_INDUSTRY
002169,2000018,BELONGS_INDUSTRY
002202,2000018,BELONGS_INDUSTRY
002212,2000018,BELONGS_INDUSTRY
002227,2000018,BELONGS_INDUSTRY
002276,2000018,BELONGS_INDUSTRY
002300,2000018,BELONGS_INDUSTRY
002323,2000018,BELONGS_INDUSTRY
002350,2000018,BELONGS_INDUSTRY
002358,2000018,BELONGS_INDUSTRY
002451,2000018,BELONGS_INDUSTRY
002471,2000018,BELONGS_INDUSTRY
002498,2000018,BELONGS_INDUSTRY
002531,2000018,BELONGS_INDUSTRY
002533,2000018,BELONGS_INDUSTRY
002560,2000018,BELONGS_INDUSTRY
002622,2000018,BELONGS_INDUSTRY
002660,2000018,BELONGS_INDUSTRY
300001,2000018,BELONGS_INDUSTRY
300004,2000018,BELONGS_INDUSTRY
300018,2000018,BELONGS_INDUSTRY
300040,2000018,BELONGS_INDUSTRY
300048,2000018,BELONGS_INDUSTRY
300062,2000018,BELONGS_INDUSTRY
300069,2000018,BELONGS_INDUSTRY
300120,2000018,BELONGS_INDUSTRY
300125,2000018,BELONGS_INDUSTRY
300129,2000018,BELONGS_INDUSTRY
300141,2000018,BELONGS_INDUSTRY
300153,2000018,BELONGS_INDUSTRY
300208,2000018,BELONGS_INDUSTRY
300341,2000018,BELONGS_INDUSTRY
300372,2000018,BELONGS_INDUSTRY
300444,2000018,BELONGS_INDUSTRY
600069,2000019,BELONGS_INDUSTRY
600103,2000019,BELONGS_INDUSTRY
600163,2000019,BELONGS_INDUSTRY
600235,2000019,BELONGS_INDUSTRY
600308,2000019,BELONGS_INDUSTRY
600356,2000019,BELONGS_INDUSTRY
600433,2000019,BELONGS_INDUSTRY
600462,2000019,BELONGS_INDUSTRY
600567,2000019,BELONGS_INDUSTRY
600793,2000019,BELONGS_INDUSTRY
600963,2000019,BELONGS_INDUSTRY
600966,2000019,BELONGS_INDUSTRY
000488,2000019,BELONGS_INDUSTRY
000815,2000019,BELONGS_INDUSTRY
000820,2000019,BELONGS_INDUSTRY
000833,2000019,BELONGS_INDUSTRY
002012,2000019,BELONGS_INDUSTRY
002067,2000019,BELONGS_INDUSTRY
002078,2000019,BELONGS_INDUSTRY
002235,2000019,BELONGS_INDUSTRY
002303,2000019,BELONGS_INDUSTRY
002511,2000019,BELONGS_INDUSTRY
002521,2000019,BELONGS_INDUSTRY
002565,2000019,BELONGS_INDUSTRY
600072,2000020,BELONGS_INDUSTRY
600150,2000020,BELONGS_INDUSTRY
600685,2000020,BELONGS_INDUSTRY
601890,2000020,BELONGS_INDUSTRY
601989,2000020,BELONGS_INDUSTRY
002608,2000020,BELONGS_INDUSTRY
300008,2000020,BELONGS_INDUSTRY
300123,2000020,BELONGS_INDUSTRY
600121,2000021,BELONGS_INDUSTRY
600123,2000021,BELONGS_INDUSTRY
600157,2000021,BELONGS_INDUSTRY
600179,2000021,BELONGS_INDUSTRY
600188,2000021,BELONGS_INDUSTRY
600348,2000021,BELONGS_INDUSTRY
600381,2000021,BELONGS_INDUSTRY
600395,2000021,BELONGS_INDUSTRY
600397,2000021,BELONGS_INDUSTRY
600403,2000021,BELONGS_INDUSTRY
600408,2000021,BELONGS_INDUSTRY
600508,2000021,BELONGS_INDUSTRY
600546,2000021,BELONGS_INDUSTRY
600652,2000021,BELONGS_INDUSTRY
600714,2000021,BELONGS_INDUSTRY
600721,2000021,BELONGS_INDUSTRY
600725,2000021,BELONGS_INDUSTRY
600740,2000021,BELONGS_INDUSTRY
600792,2000021,BELONGS_INDUSTRY
600971,2000021,BELONGS_INDUSTRY
600997,2000021,BELONGS_INDUSTRY
601001,2000021,BELONGS_INDUSTRY
601011,2000021,BELONGS_INDUSTRY
601015,2000021,BELONGS_INDUSTRY
601088,2000021,BELONGS_INDUSTRY
601101,2000021,BELONGS_INDUSTRY
601225,2000021,BELONGS_INDUSTRY
601666,2000021,BELONGS_INDUSTRY
601699,2000021,BELONGS_INDUSTRY
601898,2000021,BELONGS_INDUSTRY
601918,2000021,BELONGS_INDUSTRY
000034,2000021,BELONGS_INDUSTRY
000552,2000021,BELONGS_INDUSTRY
000571,2000021,BELONGS_INDUSTRY
000723,2000021,BELONGS_INDUSTRY
000780,2000021,BELONGS_INDUSTRY
000933,2000021,BELONGS_INDUSTRY
000937,2000021,BELONGS_INDUSTRY
000968,2000021,BELONGS_INDUSTRY
000983,2000021,BELONGS_INDUSTRY
002128,2000021,BELONGS_INDUSTRY
600073,2000022,BELONGS_INDUSTRY
600186,2000022,BELONGS_INDUSTRY
600191,2000022,BELONGS_INDUSTRY
600260,2000022,BELONGS_INDUSTRY
600298,2000022,BELONGS_INDUSTRY
600300,2000022,BELONGS_INDUSTRY
600305,2000022,BELONGS_INDUSTRY
600419,2000022,BELONGS_INDUSTRY
600429,2000022,BELONGS_INDUSTRY
600597,2000022,BELONGS_INDUSTRY
600695,2000022,BELONGS_INDUSTRY
600737,2000022,BELONGS_INDUSTRY
600866,2000022,BELONGS_INDUSTRY
600872,2000022,BELONGS_INDUSTRY
600873,2000022,BELONGS_INDUSTRY
600887,2000022,BELONGS_INDUSTRY
600962,2000022,BELONGS_INDUSTRY
603020,2000022,BELONGS_INDUSTRY
603288,2000022,BELONGS_INDUSTRY
000019,2000022,BELONGS_INDUSTRY
000529,2000022,BELONGS_INDUSTRY
000639,2000022,BELONGS_INDUSTRY
000716,2000022,BELONGS_INDUSTRY
000796,2000022,BELONGS_INDUSTRY
000848,2000022,BELONGS_INDUSTRY
000893,2000022,BELONGS_INDUSTRY
000895,2000022,BELONGS_INDUSTRY
000911,2000022,BELONGS_INDUSTRY
000930,2000022,BELONGS_INDUSTRY
000972,2000022,BELONGS_INDUSTRY
002216,2000022,BELONGS_INDUSTRY
002220,2000022,BELONGS_INDUSTRY
002286,2000022,BELONGS_INDUSTRY
002329,2000022,BELONGS_INDUSTRY
002330,2000022,BELONGS_INDUSTRY
002387,2000022,BELONGS_INDUSTRY
002481,2000022,BELONGS_INDUSTRY
002495,2000022,BELONGS_INDUSTRY
002507,2000022,BELONGS_INDUSTRY
002515,2000022,BELONGS_INDUSTRY
002557,2000022,BELONGS_INDUSTRY
002568,2000022,BELONGS_INDUSTRY
002570,2000022,BELONGS_INDUSTRY
002582,2000022,BELONGS_INDUSTRY
002604,2000022,BELONGS_INDUSTRY
002626,2000022,BELONGS_INDUSTRY
002650,2000022,BELONGS_INDUSTRY
002661,2000022,BELONGS_INDUSTRY
002695,2000022,BELONGS_INDUSTRY
002702,2000022,BELONGS_INDUSTRY
002719,2000022,BELONGS_INDUSTRY
002726,2000022,BELONGS_INDUSTRY
002732,2000022,BELONGS_INDUSTRY
300138,2000022,BELONGS_INDUSTRY
300146,2000022,BELONGS_INDUSTRY
300149,2000022,BELONGS_INDUSTRY
300175,2000022,BELONGS_INDUSTRY
300401,2000022,BELONGS_INDUSTRY
600145,2000023,BELONGS_INDUSTRY
600286,2000023,BELONGS_INDUSTRY
603268,2000023,BELONGS_INDUSTRY
002102,2000023,BELONGS_INDUSTRY
002162,2000023,BELONGS_INDUSTRY
300089,2000023,BELONGS_INDUSTRY
300234,2000023,BELONGS_INDUSTRY
300409,2000023,BELONGS_INDUSTRY
600302,2000024,BELONGS_INDUSTRY
600610,2000024,BELONGS_INDUSTRY
600843,2000024,BELONGS_INDUSTRY
000666,2000024,BELONGS_INDUSTRY
002021,2000024,BELONGS_INDUSTRY
002196,2000024,BELONGS_INDUSTRY
002722,2000024,BELONGS_INDUSTRY
300384,2000024,BELONGS_INDUSTRY
600001,2000025,BELONGS_INDUSTRY
600005,2000025,BELONGS_INDUSTRY
600010,2000025,BELONGS_INDUSTRY
600019,2000025,BELONGS_INDUSTRY
600022,2000025,BELONGS_INDUSTRY
600102,2000025,BELONGS_INDUSTRY
600117,2000025,BELONGS_INDUSTRY
600126,2000025,BELONGS_INDUSTRY
600165,2000025,BELONGS_INDUSTRY
600193,2000025,BELONGS_INDUSTRY
600231,2000025,BELONGS_INDUSTRY
600282,2000025,BELONGS_INDUSTRY
600307,2000025,BELONGS_INDUSTRY
600357,2000025,BELONGS_INDUSTRY
600399,2000025,BELONGS_INDUSTRY
600477,2000025,BELONGS_INDUSTRY
600496,2000025,BELONGS_INDUSTRY
600507,2000025,BELONGS_INDUSTRY
600532,2000025,BELONGS_INDUSTRY
600558,2000025,BELONGS_INDUSTRY
600569,2000025,BELONGS_INDUSTRY
600581,2000025,BELONGS_INDUSTRY
600782,2000025,BELONGS_INDUSTRY
600784,2000025,BELONGS_INDUSTRY
600808,2000025,BELONGS_INDUSTRY
600882,2000025,BELONGS_INDUSTRY
600992,2000025,BELONGS_INDUSTRY
601003,2000025,BELONGS_INDUSTRY
601005,2000025,BELONGS_INDUSTRY
601028,2000025,BELONGS_INDUSTRY
601969,2000025,BELONGS_INDUSTRY
000409,2000025,BELONGS_INDUSTRY
000629,2000025,BELONGS_INDUSTRY
000655,2000025,BELONGS_INDUSTRY
000708,2000025,BELONGS_INDUSTRY
000709,2000025,BELONGS_INDUSTRY
000717,2000025,BELONGS_INDUSTRY
000761,2000025,BELONGS_INDUSTRY
000778,2000025,BELONGS_INDUSTRY
000825,2000025,BELONGS_INDUSTRY
000890,2000025,BELONGS_INDUSTRY
000898,2000025,BELONGS_INDUSTRY
000932,2000025,BELONGS_INDUSTRY
000959,2000025,BELONGS_INDUSTRY
000969,2000025,BELONGS_INDUSTRY
002075,2000025,BELONGS_INDUSTRY
002110,2000025,BELONGS_INDUSTRY
002132,2000025,BELONGS_INDUSTRY
002318,2000025,BELONGS_INDUSTRY
002359,2000025,BELONGS_INDUSTRY
002423,2000025,BELONGS_INDUSTRY
002443,2000025,BELONGS_INDUSTRY
002478,2000025,BELONGS_INDUSTRY
002487,2000025,BELONGS_INDUSTRY
002524,2000025,BELONGS_INDUSTRY
002541,2000025,BELONGS_INDUSTRY
002545,2000025,BELONGS_INDUSTRY
002615,2000025,BELONGS_INDUSTRY
002743,2000025,BELONGS_INDUSTRY
300345,2000025,BELONGS_INDUSTRY
600008,2000026,BELONGS_INDUSTRY
600292,2000026,BELONGS_INDUSTRY
600874,2000026,BELONGS_INDUSTRY
603126,2000026,BELONGS_INDUSTRY
603588,2000026,BELONGS_INDUSTRY
603686,2000026,BELONGS_INDUSTRY
000544,2000026,BELONGS_INDUSTRY
000598,2000026,BELONGS_INDUSTRY
000826,2000026,BELONGS_INDUSTRY
002200,2000026,BELONGS_INDUSTRY
002549,2000026,BELONGS_INDUSTRY
002573,2000026,BELONGS_INDUSTRY
002616,2000026,BELONGS_INDUSTRY
002672,2000026,BELONGS_INDUSTRY
300055,2000026,BELONGS_INDUSTRY
300070,2000026,BELONGS_INDUSTRY
300156,2000026,BELONGS_INDUSTRY
300172,2000026,BELONGS_INDUSTRY
300187,2000026,BELONGS_INDUSTRY
300190,2000026,BELONGS_INDUSTRY
300197,2000026,BELONGS_INDUSTRY
300262,2000026,BELONGS_INDUSTRY
300332,2000026,BELONGS_INDUSTRY
300335,2000026,BELONGS_INDUSTRY
300355,2000026,BELONGS_INDUSTRY
300388,2000026,BELONGS_INDUSTRY
300422,2000026,BELONGS_INDUSTRY
600059,2000027,BELONGS_INDUSTRY
600084,2000027,BELONGS_INDUSTRY
600090,2000027,BELONGS_INDUSTRY
600132,2000027,BELONGS_INDUSTRY
600197,2000027,BELONGS_INDUSTRY
600199,2000027,BELONGS_INDUSTRY
600238,2000027,BELONGS_INDUSTRY
600365,2000027,BELONGS_INDUSTRY
600519,2000027,BELONGS_INDUSTRY
600543,2000027,BELONGS_INDUSTRY
600559,2000027,BELONGS_INDUSTRY
600573,2000027,BELONGS_INDUSTRY
600600,2000027,BELONGS_INDUSTRY
600616,2000027,BELONGS_INDUSTRY
600702,2000027,BELONGS_INDUSTRY
600779,2000027,BELONGS_INDUSTRY
600809,2000027,BELONGS_INDUSTRY
601579,2000027,BELONGS_INDUSTRY
603369,2000027,BELONGS_INDUSTRY
000557,2000027,BELONGS_INDUSTRY
000568,2000027,BELONGS_INDUSTRY
000596,2000027,BELONGS_INDUSTRY
000729,2000027,BELONGS_INDUSTRY
000752,2000027,BELONGS_INDUSTRY
000799,2000027,BELONGS_INDUSTRY
000858,2000027,BELONGS_INDUSTRY
000860,2000027,BELONGS_INDUSTRY
000869,2000027,BELONGS_INDUSTRY
000929,2000027,BELONGS_INDUSTRY
000995,2000027,BELONGS_INDUSTRY
002304,2000027,BELONGS_INDUSTRY
002461,2000027,BELONGS_INDUSTRY
002646,2000027,BELONGS_INDUSTRY
600025,2000028,BELONGS_INDUSTRY
600933,2000028,BELONGS_INDUSTRY
601019,2000028,BELONGS_INDUSTRY
603076,2000028,BELONGS_INDUSTRY
603080,2000028,BELONGS_INDUSTRY
603083,2000028,BELONGS_INDUSTRY
603161,2000028,BELONGS_INDUSTRY
603278,2000028,BELONGS_INDUSTRY
603283,2000028,BELONGS_INDUSTRY
603329,2000028,BELONGS_INDUSTRY
603365,2000028,BELONGS_INDUSTRY
603477,2000028,BELONGS_INDUSTRY
603605,2000028,BELONGS_INDUSTRY
603619,2000028,BELONGS_INDUSTRY
603655,2000028,BELONGS_INDUSTRY
603661,2000028,BELONGS_INDUSTRY
603685,2000028,BELONGS_INDUSTRY
603711,2000028,BELONGS_INDUSTRY
603809,2000028,BELONGS_INDUSTRY
603848,2000028,BELONGS_INDUSTRY
603890,2000028,BELONGS_INDUSTRY
603916,2000028,BELONGS_INDUSTRY
603917,2000028,BELONGS_INDUSTRY
603970,2000028,BELONGS_INDUSTRY
001965,2000028,BELONGS_INDUSTRY
002864,2000028,BELONGS_INDUSTRY
002911,2000028,BELONGS_INDUSTRY
002912,2000028,BELONGS_INDUSTRY
002913,2000028,BELONGS_INDUSTRY
002915,2000028,BELONGS_INDUSTRY
002916,2000028,BELONGS_INDUSTRY
002917,2000028,BELONGS_INDUSTRY
002918,2000028,BELONGS_INDUSTRY
002919,2000028,BELONGS_INDUSTRY
002920,2000028,BELONGS_INDUSTRY
002921,2000028,BELONGS_INDUSTRY
002922,2000028,BELONGS_INDUSTRY
002923,2000028,BELONGS_INDUSTRY
300664,2000028,BELONGS_INDUSTRY
300684,2000028,BELONGS_INDUSTRY
300721,2000028,BELONGS_INDUSTRY
300722,2000028,BELONGS_INDUSTRY
300723,2000028,BELONGS_INDUSTRY
300725,2000028,BELONGS_INDUSTRY
300726,2000028,BELONGS_INDUSTRY
300727,2000028,BELONGS_INDUSTRY
300729,2000028,BELONGS_INDUSTRY
300730,2000028,BELONGS_INDUSTRY
300731,2000028,BELONGS_INDUSTRY
300732,2000028,BELONGS_INDUSTRY
300735,2000028,BELONGS_INDUSTRY
300736,2000028,BELONGS_INDUSTRY
600112,2000029,BELONGS_INDUSTRY
600202,2000029,BELONGS_INDUSTRY
600379,2000029,BELONGS_INDUSTRY
600405,2000029,BELONGS_INDUSTRY
600468,2000029,BELONGS_INDUSTRY
600482,2000029,BELONGS_INDUSTRY
600560,2000029,BELONGS_INDUSTRY
600577,2000029,BELONGS_INDUSTRY
600847,2000029,BELONGS_INDUSTRY
600885,2000029,BELONGS_INDUSTRY
601311,2000029,BELONGS_INDUSTRY
601616,2000029,BELONGS_INDUSTRY
603015,2000029,BELONGS_INDUSTRY
603606,2000029,BELONGS_INDUSTRY
603703,2000029,BELONGS_INDUSTRY
603988,2000029,BELONGS_INDUSTRY
000049,2000029,BELONGS_INDUSTRY
000922,2000029,BELONGS_INDUSTRY
002164,2000029,BELONGS_INDUSTRY
002176,2000029,BELONGS_INDUSTRY
002249,2000029,BELONGS_INDUSTRY
002266,2000029,BELONGS_INDUSTRY
002298,2000029,BELONGS_INDUSTRY
002309,2000029,BELONGS_INDUSTRY
002322,2000029,BELONGS_INDUSTRY
002334,2000029,BELONGS_INDUSTRY
002335,2000029,BELONGS_INDUSTRY
002339,2000029,BELONGS_INDUSTRY
002364,2000029,BELONGS_INDUSTRY
002380,2000029,BELONGS_INDUSTRY
002452,2000029,BELONGS_INDUSTRY
002546,2000029,BELONGS_INDUSTRY
002576,2000029,BELONGS_INDUSTRY
002580,2000029,BELONGS_INDUSTRY
002606,2000029,BELONGS_INDUSTRY
002617,2000029,BELONGS_INDUSTRY
002647,2000029,BELONGS_INDUSTRY
002664,2000029,BELONGS_INDUSTRY
002665,2000029,BELONGS_INDUSTRY
002670,2000029,BELONGS_INDUSTRY
002684,2000029,BELONGS_INDUSTRY
002706,2000029,BELONGS_INDUSTRY
002730,2000029,BELONGS_INDUSTRY
002733,2000029,BELONGS_INDUSTRY
300068,2000029,BELONGS_INDUSTRY
300140,2000029,BELONGS_INDUSTRY
300217,2000029,BELONGS_INDUSTRY
300222,2000029,BELONGS_INDUSTRY
300252,2000029,BELONGS_INDUSTRY
300265,2000029,BELONGS_INDUSTRY
300274,2000029,BELONGS_INDUSTRY
300283,2000029,BELONGS_INDUSTRY
300356,2000029,BELONGS_INDUSTRY
300376,2000029,BELONGS_INDUSTRY
300403,2000029,BELONGS_INDUSTRY
300407,2000029,BELONGS_INDUSTRY
300438,2000029,BELONGS_INDUSTRY
300447,2000029,BELONGS_INDUSTRY
600037,2000030,BELONGS_INDUSTRY
600088,2000030,BELONGS_INDUSTRY
600234,2000030,BELONGS_INDUSTRY
600373,2000030,BELONGS_INDUSTRY
600551,2000030,BELONGS_INDUSTRY
600633,2000030,BELONGS_INDUSTRY
600637,2000030,BELONGS_INDUSTRY
600757,2000030,BELONGS_INDUSTRY
600825,2000030,BELONGS_INDUSTRY
600831,2000030,BELONGS_INDUSTRY
600959,2000030,BELONGS_INDUSTRY
601098,2000030,BELONGS_INDUSTRY
601801,2000030,BELONGS_INDUSTRY
601928,2000030,BELONGS_INDUSTRY
601929,2000030,BELONGS_INDUSTRY
601999,2000030,BELONGS_INDUSTRY
000156,2000030,BELONGS_INDUSTRY
000504,2000030,BELONGS_INDUSTRY
000607,2000030,BELONGS_INDUSTRY
000665,2000030,BELONGS_INDUSTRY
000719,2000030,BELONGS_INDUSTRY
000793,2000030,BELONGS_INDUSTRY
000835,2000030,BELONGS_INDUSTRY
000917,2000030,BELONGS_INDUSTRY
002071,2000030,BELONGS_INDUSTRY
002143,2000030,BELONGS_INDUSTRY
002181,2000030,BELONGS_INDUSTRY
002238,2000030,BELONGS_INDUSTRY
002292,2000030,BELONGS_INDUSTRY
002624,2000030,BELONGS_INDUSTRY
002712,2000030,BELONGS_INDUSTRY
002739,2000030,BELONGS_INDUSTRY
300027,2000030,BELONGS_INDUSTRY
300133,2000030,BELONGS_INDUSTRY
300148,2000030,BELONGS_INDUSTRY
300251,2000030,BELONGS_INDUSTRY
300291,2000030,BELONGS_INDUSTRY
300336,2000030,BELONGS_INDUSTRY
300364,2000030,BELONGS_INDUSTRY
300426,2000030,BELONGS_INDUSTRY
600075,2000031,BELONGS_INDUSTRY
600078,2000031,BELONGS_INDUSTRY
600091,2000031,BELONGS_INDUSTRY
600135,2000031,BELONGS_INDUSTRY
600141,2000031,BELONGS_INDUSTRY
600155,2000031,BELONGS_INDUSTRY
600160,2000031,BELONGS_INDUSTRY
600228,2000031,BELONGS_INDUSTRY
600229,2000031,BELONGS_INDUSTRY
600249,2000031,BELONGS_INDUSTRY
600273,2000031,BELONGS_INDUSTRY
600277,2000031,BELONGS_INDUSTRY
600281,2000031,BELONGS_INDUSTRY
600299,2000031,BELONGS_INDUSTRY
600301,2000031,BELONGS_INDUSTRY
600309,2000031,BELONGS_INDUSTRY
600315,2000031,BELONGS_INDUSTRY
600319,2000031,BELONGS_INDUSTRY
600328,2000031,BELONGS_INDUSTRY
600339,2000031,BELONGS_INDUSTRY
600352,2000031,BELONGS_INDUSTRY
600367,2000031,BELONGS_INDUSTRY
600378,2000031,BELONGS_INDUSTRY
600409,2000031,BELONGS_INDUSTRY
600481,2000031,BELONGS_INDUSTRY
600490,2000031,BELONGS_INDUSTRY
600599,2000031,BELONGS_INDUSTRY
600618,2000031,BELONGS_INDUSTRY
600636,2000031,BELONGS_INDUSTRY
600722,2000031,BELONGS_INDUSTRY
600746,2000031,BELONGS_INDUSTRY
600844,2000031,BELONGS_INDUSTRY
600985,2000031,BELONGS_INDUSTRY
601118,2000031,BELONGS_INDUSTRY
601208,2000031,BELONGS_INDUSTRY
601216,2000031,BELONGS_INDUSTRY
601678,2000031,BELONGS_INDUSTRY
603002,2000031,BELONGS_INDUSTRY
603010,2000031,BELONGS_INDUSTRY
603077,2000031,BELONGS_INDUSTRY
603188,2000031,BELONGS_INDUSTRY
000510,2000031,BELONGS_INDUSTRY
000523,2000031,BELONGS_INDUSTRY
000545,2000031,BELONGS_INDUSTRY
000565,2000031,BELONGS_INDUSTRY
000627,2000031,BELONGS_INDUSTRY
000635,2000031,BELONGS_INDUSTRY
000662,2000031,BELONGS_INDUSTRY
000683,2000031,BELONGS_INDUSTRY
000698,2000031,BELONGS_INDUSTRY
000707,2000031,BELONGS_INDUSTRY
000737,2000031,BELONGS_INDUSTRY
000755,2000031,BELONGS_INDUSTRY
000818,2000031,BELONGS_INDUSTRY
000822,2000031,BELONGS_INDUSTRY
000887,2000031,BELONGS_INDUSTRY
000985,2000031,BELONGS_INDUSTRY
000990,2000031,BELONGS_INDUSTRY
002010,2000031,BELONGS_INDUSTRY
002014,2000031,BELONGS_INDUSTRY
002037,2000031,BELONGS_INDUSTRY
002053,2000031,BELONGS_INDUSTRY
002054,2000031,BELONGS_INDUSTRY
002061,2000031,BELONGS_INDUSTRY
002068,2000031,BELONGS_INDUSTRY
002092,2000031,BELONGS_INDUSTRY
002094,2000031,BELONGS_INDUSTRY
002096,2000031,BELONGS_INDUSTRY
002109,2000031,BELONGS_INDUSTRY
002125,2000031,BELONGS_INDUSTRY
002136,2000031,BELONGS_INDUSTRY
002145,2000031,BELONGS_INDUSTRY
002165,2000031,BELONGS_INDUSTRY
002192,2000031,BELONGS_INDUSTRY
002201,2000031,BELONGS_INDUSTRY
002211,2000031,BELONGS_INDUSTRY
002217,2000031,BELONGS_INDUSTRY
002224,2000031,BELONGS_INDUSTRY
002226,2000031,BELONGS_INDUSTRY
002246,2000031,BELONGS_INDUSTRY
002250,2000031,BELONGS_INDUSTRY
002256,2000031,BELONGS_INDUSTRY
002319,2000031,BELONGS_INDUSTRY
002326,2000031,BELONGS_INDUSTRY
002341,2000031,BELONGS_INDUSTRY
002360,2000031,BELONGS_INDUSTRY
002361,2000031,BELONGS_INDUSTRY
002377,2000031,BELONGS_INDUSTRY
002381,2000031,BELONGS_INDUSTRY
002386,2000031,BELONGS_INDUSTRY
002395,2000031,BELONGS_INDUSTRY
002407,2000031,BELONGS_INDUSTRY
002408,2000031,BELONGS_INDUSTRY
002409,2000031,BELONGS_INDUSTRY
002411,2000031,BELONGS_INDUSTRY
002440,2000031,BELONGS_INDUSTRY
002442,2000031,BELONGS_INDUSTRY
002450,2000031,BELONGS_INDUSTRY
002453,2000031,BELONGS_INDUSTRY
002455,2000031,BELONGS_INDUSTRY
002466,2000031,BELONGS_INDUSTRY
002476,2000031,BELONGS_INDUSTRY
002497,2000031,BELONGS_INDUSTRY
002562,2000031,BELONGS_INDUSTRY
002581,2000031,BELONGS_INDUSTRY
002584,2000031,BELONGS_INDUSTRY
002597,2000031,BELONGS_INDUSTRY
002601,2000031,BELONGS_INDUSTRY
002632,2000031,BELONGS_INDUSTRY
002637,2000031,BELONGS_INDUSTRY
002643,2000031,BELONGS_INDUSTRY
002648,2000031,BELONGS_INDUSTRY
002666,2000031,BELONGS_INDUSTRY
002669,2000031,BELONGS_INDUSTRY
002683,2000031,BELONGS_INDUSTRY
002709,2000031,BELONGS_INDUSTRY
002741,2000031,BELONGS_INDUSTRY
002748,2000031,BELONGS_INDUSTRY
300019,2000031,BELONGS_INDUSTRY
300031,2000031,BELONGS_INDUSTRY
300037,2000031,BELONGS_INDUSTRY
300041,2000031,BELONGS_INDUSTRY
300054,2000031,BELONGS_INDUSTRY
300063,2000031,BELONGS_INDUSTRY
300067,2000031,BELONGS_INDUSTRY
300072,2000031,BELONGS_INDUSTRY
300082,2000031,BELONGS_INDUSTRY
300107,2000031,BELONGS_INDUSTRY
300108,2000031,BELONGS_INDUSTRY
300109,2000031,BELONGS_INDUSTRY
300121,2000031,BELONGS_INDUSTRY
300132,2000031,BELONGS_INDUSTRY
300135,2000031,BELONGS_INDUSTRY
300174,2000031,BELONGS_INDUSTRY
300192,2000031,BELONGS_INDUSTRY
300200,2000031,BELONGS_INDUSTRY
300214,2000031,BELONGS_INDUSTRY
300225,2000031,BELONGS_INDUSTRY
300236,2000031,BELONGS_INDUSTRY
300237,2000031,BELONGS_INDUSTRY
300243,2000031,BELONGS_INDUSTRY
300285,2000031,BELONGS_INDUSTRY
300320,2000031,BELONGS_INDUSTRY
300343,2000031,BELONGS_INDUSTRY
300387,2000031,BELONGS_INDUSTRY
300398,2000031,BELONGS_INDUSTRY
300405,2000031,BELONGS_INDUSTRY
300429,2000031,BELONGS_INDUSTRY
300437,2000031,BELONGS_INDUSTRY
300446,2000031,BELONGS_INDUSTRY
600048,2000032,BELONGS_INDUSTRY
600052,2000032,BELONGS_INDUSTRY
600053,2000032,BELONGS_INDUSTRY
600067,2000032,BELONGS_INDUSTRY
600077,2000032,BELONGS_INDUSTRY
600082,2000032,BELONGS_INDUSTRY
600094,2000032,BELONGS_INDUSTRY
600095,2000032,BELONGS_INDUSTRY
600113,2000032,BELONGS_INDUSTRY
600133,2000032,BELONGS_INDUSTRY
600159,2000032,BELONGS_INDUSTRY
600162,2000032,BELONGS_INDUSTRY
600173,2000032,BELONGS_INDUSTRY
600175,2000032,BELONGS_INDUSTRY
600185,2000032,BELONGS_INDUSTRY
600208,2000032,BELONGS_INDUSTRY
600223,2000032,BELONGS_INDUSTRY
600225,2000032,BELONGS_INDUSTRY
600239,2000032,BELONGS_INDUSTRY
600240,2000032,BELONGS_INDUSTRY
600246,2000032,BELONGS_INDUSTRY
600266,2000032,BELONGS_INDUSTRY
600322,2000032,BELONGS_INDUSTRY
600325,2000032,BELONGS_INDUSTRY
600340,2000032,BELONGS_INDUSTRY
600376,2000032,BELONGS_INDUSTRY
600383,2000032,BELONGS_INDUSTRY
600393,2000032,BELONGS_INDUSTRY
600463,2000032,BELONGS_INDUSTRY
600503,2000032,BELONGS_INDUSTRY
600510,2000032,BELONGS_INDUSTRY
600533,2000032,BELONGS_INDUSTRY
600565,2000032,BELONGS_INDUSTRY
600568,2000032,BELONGS_INDUSTRY
600606,2000032,BELONGS_INDUSTRY
600615,2000032,BELONGS_INDUSTRY
600621,2000032,BELONGS_INDUSTRY
600638,2000032,BELONGS_INDUSTRY
600641,2000032,BELONGS_INDUSTRY
600657,2000032,BELONGS_INDUSTRY
600663,2000032,BELONGS_INDUSTRY
600665,2000032,BELONGS_INDUSTRY
600675,2000032,BELONGS_INDUSTRY
600683,2000032,BELONGS_INDUSTRY
600684,2000032,BELONGS_INDUSTRY
600696,2000032,BELONGS_INDUSTRY
600716,2000032,BELONGS_INDUSTRY
600724,2000032,BELONGS_INDUSTRY
600732,2000032,BELONGS_INDUSTRY
600733,2000032,BELONGS_INDUSTRY
600743,2000032,BELONGS_INDUSTRY
600745,2000032,BELONGS_INDUSTRY
600748,2000032,BELONGS_INDUSTRY
600767,2000032,BELONGS_INDUSTRY
600773,2000032,BELONGS_INDUSTRY
600791,2000032,BELONGS_INDUSTRY
600807,2000032,BELONGS_INDUSTRY
600823,2000032,BELONGS_INDUSTRY
600862,2000032,BELONGS_INDUSTRY
600890,2000032,BELONGS_INDUSTRY
601588,2000032,BELONGS_INDUSTRY
000002,2000032,BELONGS_INDUSTRY
000005,2000032,BELONGS_INDUSTRY
000006,2000032,BELONGS_INDUSTRY
000009,2000032,BELONGS_INDUSTRY
000011,2000032,BELONGS_INDUSTRY
000014,2000032,BELONGS_INDUSTRY
000024,2000032,BELONGS_INDUSTRY
000029,2000032,BELONGS_INDUSTRY
000031,2000032,BELONGS_INDUSTRY
000036,2000032,BELONGS_INDUSTRY
000038,2000032,BELONGS_INDUSTRY
000040,2000032,BELONGS_INDUSTRY
000042,2000032,BELONGS_INDUSTRY
000043,2000032,BELONGS_INDUSTRY
000046,2000032,BELONGS_INDUSTRY
000056,2000032,BELONGS_INDUSTRY
000402,2000032,BELONGS_INDUSTRY
000502,2000032,BELONGS_INDUSTRY
000505,2000032,BELONGS_INDUSTRY
000506,2000032,BELONGS_INDUSTRY
000514,2000032,BELONGS_INDUSTRY
000517,2000032,BELONGS_INDUSTRY
000526,2000032,BELONGS_INDUSTRY
000534,2000032,BELONGS_INDUSTRY
000537,2000032,BELONGS_INDUSTRY
000540,2000032,BELONGS_INDUSTRY
000558,2000032,BELONGS_INDUSTRY
000567,2000032,BELONGS_INDUSTRY
000573,2000032,BELONGS_INDUSTRY
000608,2000032,BELONGS_INDUSTRY
000609,2000032,BELONGS_INDUSTRY
000616,2000032,BELONGS_INDUSTRY
000620,2000032,BELONGS_INDUSTRY
000631,2000032,BELONGS_INDUSTRY
000656,2000032,BELONGS_INDUSTRY
000667,2000032,BELONGS_INDUSTRY
000668,2000032,BELONGS_INDUSTRY
000671,2000032,BELONGS_INDUSTRY
000691,2000032,BELONGS_INDUSTRY
000718,2000032,BELONGS_INDUSTRY
000732,2000032,BELONGS_INDUSTRY
000736,2000032,BELONGS_INDUSTRY
000797,2000032,BELONGS_INDUSTRY
000809,2000032,BELONGS_INDUSTRY
000838,2000032,BELONGS_INDUSTRY
000861,2000032,BELONGS_INDUSTRY
000863,2000032,BELONGS_INDUSTRY
000897,2000032,BELONGS_INDUSTRY
000918,2000032,BELONGS_INDUSTRY
000926,2000032,BELONGS_INDUSTRY
000931,2000032,BELONGS_INDUSTRY
000965,2000032,BELONGS_INDUSTRY
000979,2000032,BELONGS_INDUSTRY
000981,2000032,BELONGS_INDUSTRY
002016,2000032,BELONGS_INDUSTRY
002077,2000032,BELONGS_INDUSTRY
002133,2000032,BELONGS_INDUSTRY
002146,2000032,BELONGS_INDUSTRY
002208,2000032,BELONGS_INDUSTRY
002244,2000032,BELONGS_INDUSTRY
002285,2000032,BELONGS_INDUSTRY
002305,2000032,BELONGS_INDUSTRY
600000,2000033,BELONGS_INDUSTRY
600015,2000033,BELONGS_INDUSTRY
600016,2000033,BELONGS_INDUSTRY
600030,2000033,BELONGS_INDUSTRY
600036,2000033,BELONGS_INDUSTRY
600109,2000033,BELONGS_INDUSTRY
600291,2000033,BELONGS_INDUSTRY
600369,2000033,BELONGS_INDUSTRY
600643,2000033,BELONGS_INDUSTRY
600705,2000033,BELONGS_INDUSTRY
600816,2000033,BELONGS_INDUSTRY
600830,2000033,BELONGS_INDUSTRY
600837,2000033,BELONGS_INDUSTRY
600958,2000033,BELONGS_INDUSTRY
600999,2000033,BELONGS_INDUSTRY
601009,2000033,BELONGS_INDUSTRY
601099,2000033,BELONGS_INDUSTRY
601166,2000033,BELONGS_INDUSTRY
601169,2000033,BELONGS_INDUSTRY
601198,2000033,BELONGS_INDUSTRY
601288,2000033,BELONGS_INDUSTRY
601318,2000033,BELONGS_INDUSTRY
601328,2000033,BELONGS_INDUSTRY
601336,2000033,BELONGS_INDUSTRY
601377,2000033,BELONGS_INDUSTRY
601398,2000033,BELONGS_INDUSTRY
601555,2000033,BELONGS_INDUSTRY
601601,2000033,BELONGS_INDUSTRY
601628,2000033,BELONGS_INDUSTRY
601688,2000033,BELONGS_INDUSTRY
601788,2000033,BELONGS_INDUSTRY
601818,2000033,BELONGS_INDUSTRY
601901,2000033,BELONGS_INDUSTRY
601939,2000033,BELONGS_INDUSTRY
601988,2000033,BELONGS_INDUSTRY
601998,2000033,BELONGS_INDUSTRY
000001,2000033,BELONGS_INDUSTRY
000166,2000033,BELONGS_INDUSTRY
000415,2000033,BELONGS_INDUSTRY
000562,2000033,BELONGS_INDUSTRY
000563,2000033,BELONGS_INDUSTRY
000686,2000033,BELONGS_INDUSTRY
000712,2000033,BELONGS_INDUSTRY
000728,2000033,BELONGS_INDUSTRY
000750,2000033,BELONGS_INDUSTRY
000776,2000033,BELONGS_INDUSTRY
000783,2000033,BELONGS_INDUSTRY
002142,2000033,BELONGS_INDUSTRY
002500,2000033,BELONGS_INDUSTRY
002673,2000033,BELONGS_INDUSTRY
002736,2000033,BELONGS_INDUSTRY
600065,2000034,BELONGS_INDUSTRY
600092,2000034,BELONGS_INDUSTRY
600172,2000034,BELONGS_INDUSTRY
600516,2000034,BELONGS_INDUSTRY
600607,2000034,BELONGS_INDUSTRY
600625,2000034,BELONGS_INDUSTRY
600670,2000034,BELONGS_INDUSTRY
600700,2000034,BELONGS_INDUSTRY
600709,2000034,BELONGS_INDUSTRY
600752,2000034,BELONGS_INDUSTRY
600783,2000034,BELONGS_INDUSTRY
600788,2000034,BELONGS_INDUSTRY
600813,2000034,BELONGS_INDUSTRY
600849,2000034,BELONGS_INDUSTRY
600852,2000034,BELONGS_INDUSTRY
600899,2000034,BELONGS_INDUSTRY
603022,2000034,BELONGS_INDUSTRY
603023,2000034,BELONGS_INDUSTRY
603026,2000034,BELONGS_INDUSTRY
603108,2000034,BELONGS_INDUSTRY
603116,2000034,BELONGS_INDUSTRY
603198,2000034,BELONGS_INDUSTRY
603227,2000034,BELONGS_INDUSTRY
603300,2000034,BELONGS_INDUSTRY
603311,2000034,BELONGS_INDUSTRY
603566,2000034,BELONGS_INDUSTRY
603568,2000034,BELONGS_INDUSTRY
603598,2000034,BELONGS_INDUSTRY
603669,2000034,BELONGS_INDUSTRY
603688,2000034,BELONGS_INDUSTRY
603718,2000034,BELONGS_INDUSTRY
603885,2000034,BELONGS_INDUSTRY
603901,2000034,BELONGS_INDUSTRY
603918,2000034,BELONGS_INDUSTRY
603968,2000034,BELONGS_INDUSTRY
603989,2000034,BELONGS_INDUSTRY
900901,2000034,BELONGS_INDUSTRY
900902,2000034,BELONGS_INDUSTRY
900903,2000034,BELONGS_INDUSTRY
900904,2000034,BELONGS_INDUSTRY
900905,2000034,BELONGS_INDUSTRY
900906,2000034,BELONGS_INDUSTRY
900907,2000034,BELONGS_INDUSTRY
900908,2000034,BELONGS_INDUSTRY
900909,2000034,BELONGS_INDUSTRY
900910,2000034,BELONGS_INDUSTRY
900911,2000034,BELONGS_INDUSTRY
900912,2000034,BELONGS_INDUSTRY
900913,2000034,BELONGS_INDUSTRY
900914,2000034,BELONGS_INDUSTRY
900915,2000034,BELONGS_INDUSTRY
900916,2000034,BELONGS_INDUSTRY
900917,2000034,BELONGS_INDUSTRY
900918,2000034,BELONGS_INDUSTRY
900919,2000034,BELONGS_INDUSTRY
900920,2000034,BELONGS_INDUSTRY
900921,2000034,BELONGS_INDUSTRY
900922,2000034,BELONGS_INDUSTRY
900923,2000034,BELONGS_INDUSTRY
900924,2000034,BELONGS_INDUSTRY
900925,2000034,BELONGS_INDUSTRY
900926,2000034,BELONGS_INDUSTRY
900927,2000034,BELONGS_INDUSTRY
900928,2000034,BELONGS_INDUSTRY
900929,2000034,BELONGS_INDUSTRY
900930,2000034,BELONGS_INDUSTRY
900932,2000034,BELONGS_INDUSTRY
900933,2000034,BELONGS_INDUSTRY
900934,2000034,BELONGS_INDUSTRY
900935,2000034,BELONGS_INDUSTRY
900936,2000034,BELONGS_INDUSTRY
900937,2000034,BELONGS_INDUSTRY
900938,2000034,BELONGS_INDUSTRY
900939,2000034,BELONGS_INDUSTRY
900940,2000034,BELONGS_INDUSTRY
900941,2000034,BELONGS_INDUSTRY
900942,2000034,BELONGS_INDUSTRY
900943,2000034,BELONGS_INDUSTRY
900945,2000034,BELONGS_INDUSTRY
900946,2000034,BELONGS_INDUSTRY
900947,2000034,BELONGS_INDUSTRY
900948,2000034,BELONGS_INDUSTRY
900951,2000034,BELONGS_INDUSTRY
900952,2000034,BELONGS_INDUSTRY
900953,2000034,BELONGS_INDUSTRY
900955,2000034,BELONGS_INDUSTRY
900956,2000034,BELONGS_INDUSTRY
900957,2000034,BELONGS_INDUSTRY
000003,2000034,BELONGS_INDUSTRY
000013,2000034,BELONGS_INDUSTRY
000015,2000034,BELONGS_INDUSTRY
000047,2000034,BELONGS_INDUSTRY
000405,2000034,BELONGS_INDUSTRY
000511,2000034,BELONGS_INDUSTRY
000556,2000034,BELONGS_INDUSTRY
000583,2000034,BELONGS_INDUSTRY
000658,2000034,BELONGS_INDUSTRY
000660,2000034,BELONGS_INDUSTRY
000675,2000034,BELONGS_INDUSTRY
000689,2000034,BELONGS_INDUSTRY
000765,2000034,BELONGS_INDUSTRY
000795,2000034,BELONGS_INDUSTRY
000832,2000034,BELONGS_INDUSTRY
002088,2000034,BELONGS_INDUSTRY
002297,2000034,BELONGS_INDUSTRY
002352,2000034,BELONGS_INDUSTRY
002710,2000034,BELONGS_INDUSTRY
002753,2000034,BELONGS_INDUSTRY
002755,2000034,BELONGS_INDUSTRY
002756,2000034,BELONGS_INDUSTRY
002757,2000034,BELONGS_INDUSTRY
002758,2000034,BELONGS_INDUSTRY
002759,2000034,BELONGS_INDUSTRY
200011,2000034,BELONGS_INDUSTRY
200012,2000034,BELONGS_INDUSTRY
200016,2000034,BELONGS_INDUSTRY
200017,2000034,BELONGS_INDUSTRY
200018,2000034,BELONGS_INDUSTRY
200019,2000034,BELONGS_INDUSTRY
200020,2000034,BELONGS_INDUSTRY
200022,2000034,BELONGS_INDUSTRY
200025,2000034,BELONGS_INDUSTRY
200026,2000034,BELONGS_INDUSTRY
200028,2000034,BELONGS_INDUSTRY
200029,2000034,BELONGS_INDUSTRY
200030,2000034,BELONGS_INDUSTRY
200037,2000034,BELONGS_INDUSTRY
200045,2000034,BELONGS_INDUSTRY
200053,2000034,BELONGS_INDUSTRY
200054,2000034,BELONGS_INDUSTRY
200055,2000034,BELONGS_INDUSTRY
200056,2000034,BELONGS_INDUSTRY
200058,2000034,BELONGS_INDUSTRY
200152,2000034,BELONGS_INDUSTRY
200160,2000034,BELONGS_INDUSTRY
200168,2000034,BELONGS_INDUSTRY
200413,2000034,BELONGS_INDUSTRY
200418,2000034,BELONGS_INDUSTRY
200429,2000034,BELONGS_INDUSTRY
200468,2000034,BELONGS_INDUSTRY
200488,2000034,BELONGS_INDUSTRY
200505,2000034,BELONGS_INDUSTRY
200512,2000034,BELONGS_INDUSTRY
200521,2000034,BELONGS_INDUSTRY
200530,2000034,BELONGS_INDUSTRY
200539,2000034,BELONGS_INDUSTRY
200541,2000034,BELONGS_INDUSTRY
200550,2000034,BELONGS_INDUSTRY
200553,2000034,BELONGS_INDUSTRY
200570,2000034,BELONGS_INDUSTRY
200581,2000034,BELONGS_INDUSTRY
200596,2000034,BELONGS_INDUSTRY
200613,2000034,BELONGS_INDUSTRY
200625,2000034,BELONGS_INDUSTRY
200706,2000034,BELONGS_INDUSTRY
200725,2000034,BELONGS_INDUSTRY
200726,2000034,BELONGS_INDUSTRY
200761,2000034,BELONGS_INDUSTRY
200771,2000034,BELONGS_INDUSTRY
200869,2000034,BELONGS_INDUSTRY
200986,2000034,BELONGS_INDUSTRY
200992,2000034,BELONGS_INDUSTRY
300064,2000034,BELONGS_INDUSTRY
300073,2000034,BELONGS_INDUSTRY
300179,2000034,BELONGS_INDUSTRY
300361,2000034,BELONGS_INDUSTRY
300450,2000034,BELONGS_INDUSTRY
300451,2000034,BELONGS_INDUSTRY
300452,2000034,BELONGS_INDUSTRY
300453,2000034,BELONGS_INDUSTRY
300455,2000034,BELONGS_INDUSTRY
300456,2000034,BELONGS_INDUSTRY
300457,2000034,BELONGS_INDUSTRY
300458,2000034,BELONGS_INDUSTRY
300459,2000034,BELONGS_INDUSTRY
300460,2000034,BELONGS_INDUSTRY
300461,2000034,BELONGS_INDUSTRY
300462,2000034,BELONGS_INDUSTRY
300463,2000034,BELONGS_INDUSTRY
300465,2000034,BELONGS_INDUSTRY
300466,2000034,BELONGS_INDUSTRY
300467,2000034,BELONGS_INDUSTRY
300468,2000034,BELONGS_INDUSTRY
600007,2000035,BELONGS_INDUSTRY
600064,2000035,BELONGS_INDUSTRY
600215,2000035,BELONGS_INDUSTRY
600604,2000035,BELONGS_INDUSTRY
600639,2000035,BELONGS_INDUSTRY
600648,2000035,BELONGS_INDUSTRY
600658,2000035,BELONGS_INDUSTRY
600736,2000035,BELONGS_INDUSTRY
600895,2000035,BELONGS_INDUSTRY
000628,2000035,BELONGS_INDUSTRY
600050,2000036,BELONGS_INDUSTRY
600074,2000036,BELONGS_INDUSTRY
600076,2000036,BELONGS_INDUSTRY
600100,2000036,BELONGS_INDUSTRY
600105,2000036,BELONGS_INDUSTRY
600130,2000036,BELONGS_INDUSTRY
600198,2000036,BELONGS_INDUSTRY
600271,2000036,BELONGS_INDUSTRY
600288,2000036,BELONGS_INDUSTRY
600289,2000036,BELONGS_INDUSTRY
600330,2000036,BELONGS_INDUSTRY
600345,2000036,BELONGS_INDUSTRY
600406,2000036,BELONGS_INDUSTRY
600410,2000036,BELONGS_INDUSTRY
600446,2000036,BELONGS_INDUSTRY
600455,2000036,BELONGS_INDUSTRY
600476,2000036,BELONGS_INDUSTRY
600485,2000036,BELONGS_INDUSTRY
600487,2000036,BELONGS_INDUSTRY
600498,2000036,BELONGS_INDUSTRY
600522,2000036,BELONGS_INDUSTRY
600536,2000036,BELONGS_INDUSTRY
600556,2000036,BELONGS_INDUSTRY
600562,2000036,BELONGS_INDUSTRY
600570,2000036,BELONGS_INDUSTRY
600571,2000036,BELONGS_INDUSTRY
600588,2000036,BELONGS_INDUSTRY
600601,2000036,BELONGS_INDUSTRY
600608,2000036,BELONGS_INDUSTRY
600654,2000036,BELONGS_INDUSTRY
600677,2000036,BELONGS_INDUSTRY
600680,2000036,BELONGS_INDUSTRY
600718,2000036,BELONGS_INDUSTRY
600728,2000036,BELONGS_INDUSTRY
600734,2000036,BELONGS_INDUSTRY
600756,2000036,BELONGS_INDUSTRY
600764,2000036,BELONGS_INDUSTRY
600775,2000036,BELONGS_INDUSTRY
600776,2000036,BELONGS_INDUSTRY
600797,2000036,BELONGS_INDUSTRY
600804,2000036,BELONGS_INDUSTRY
600845,2000036,BELONGS_INDUSTRY
600850,2000036,BELONGS_INDUSTRY
600990,2000036,BELONGS_INDUSTRY
601519,2000036,BELONGS_INDUSTRY
603000,2000036,BELONGS_INDUSTRY
603019,2000036,BELONGS_INDUSTRY
603025,2000036,BELONGS_INDUSTRY
603636,2000036,BELONGS_INDUSTRY
000021,2000036,BELONGS_INDUSTRY
000032,2000036,BELONGS_INDUSTRY
000035,2000036,BELONGS_INDUSTRY
000063,2000036,BELONGS_INDUSTRY
000066,2000036,BELONGS_INDUSTRY
000070,2000036,BELONGS_INDUSTRY
000503,2000036,BELONGS_INDUSTRY
000532,2000036,BELONGS_INDUSTRY
000547,2000036,BELONGS_INDUSTRY
000555,2000036,BELONGS_INDUSTRY
000561,2000036,BELONGS_INDUSTRY
000586,2000036,BELONGS_INDUSTRY
000681,2000036,BELONGS_INDUSTRY
000711,2000036,BELONGS_INDUSTRY
000748,2000036,BELONGS_INDUSTRY
000787,2000036,BELONGS_INDUSTRY
000801,2000036,BELONGS_INDUSTRY
000805,2000036,BELONGS_INDUSTRY
000836,2000036,BELONGS_INDUSTRY
000851,2000036,BELONGS_INDUSTRY
000892,2000036,BELONGS_INDUSTRY
000938,2000036,BELONGS_INDUSTRY
000948,2000036,BELONGS_INDUSTRY
000970,2000036,BELONGS_INDUSTRY
000977,2000036,BELONGS_INDUSTRY
000997,2000036,BELONGS_INDUSTRY
002017,2000036,BELONGS_INDUSTRY
002027,2000036,BELONGS_INDUSTRY
002052,2000036,BELONGS_INDUSTRY
002063,2000036,BELONGS_INDUSTRY
002065,2000036,BELONGS_INDUSTRY
002073,2000036,BELONGS_INDUSTRY
002089,2000036,BELONGS_INDUSTRY
002090,2000036,BELONGS_INDUSTRY
002093,2000036,BELONGS_INDUSTRY
002095,2000036,BELONGS_INDUSTRY
002115,2000036,BELONGS_INDUSTRY
002148,2000036,BELONGS_INDUSTRY
002151,2000036,BELONGS_INDUSTRY
002152,2000036,BELONGS_INDUSTRY
002153,2000036,BELONGS_INDUSTRY
002161,2000036,BELONGS_INDUSTRY
002174,2000036,BELONGS_INDUSTRY
002177,2000036,BELONGS_INDUSTRY
002180,2000036,BELONGS_INDUSTRY
002184,2000036,BELONGS_INDUSTRY
002194,2000036,BELONGS_INDUSTRY
002195,2000036,BELONGS_INDUSTRY
002230,2000036,BELONGS_INDUSTRY
002231,2000036,BELONGS_INDUSTRY
002232,2000036,BELONGS_INDUSTRY
002253,2000036,BELONGS_INDUSTRY
002261,2000036,BELONGS_INDUSTRY
002268,2000036,BELONGS_INDUSTRY
002279,2000036,BELONGS_INDUSTRY
002280,2000036,BELONGS_INDUSTRY
002281,2000036,BELONGS_INDUSTRY
002296,2000036,BELONGS_INDUSTRY
002308,2000036,BELONGS_INDUSTRY
002312,2000036,BELONGS_INDUSTRY
002313,2000036,BELONGS_INDUSTRY
002315,2000036,BELONGS_INDUSTRY
002316,2000036,BELONGS_INDUSTRY
002331,2000036,BELONGS_INDUSTRY
002351,2000036,BELONGS_INDUSTRY
002354,2000036,BELONGS_INDUSTRY
002362,2000036,BELONGS_INDUSTRY
002368,2000036,BELONGS_INDUSTRY
002369,2000036,BELONGS_INDUSTRY
002373,2000036,BELONGS_INDUSTRY
002376,2000036,BELONGS_INDUSTRY
002383,2000036,BELONGS_INDUSTRY
002384,2000036,BELONGS_INDUSTRY
002396,2000036,BELONGS_INDUSTRY
002401,2000036,BELONGS_INDUSTRY
002405,2000036,BELONGS_INDUSTRY
002410,2000036,BELONGS_INDUSTRY
002417,2000036,BELONGS_INDUSTRY
002421,2000036,BELONGS_INDUSTRY
002439,2000036,BELONGS_INDUSTRY
002446,2000036,BELONGS_INDUSTRY
002465,2000036,BELONGS_INDUSTRY
002467,2000036,BELONGS_INDUSTRY
002474,2000036,BELONGS_INDUSTRY
002491,2000036,BELONGS_INDUSTRY
002519,2000036,BELONGS_INDUSTRY
002528,2000036,BELONGS_INDUSTRY
002544,2000036,BELONGS_INDUSTRY
002547,2000036,BELONGS_INDUSTRY
002577,2000036,BELONGS_INDUSTRY
002583,2000036,BELONGS_INDUSTRY
002609,2000036,BELONGS_INDUSTRY
002635,2000036,BELONGS_INDUSTRY
002642,2000036,BELONGS_INDUSTRY
002649,2000036,BELONGS_INDUSTRY
002657,2000036,BELONGS_INDUSTRY
300002,2000036,BELONGS_INDUSTRY
300010,2000036,BELONGS_INDUSTRY
300017,2000036,BELONGS_INDUSTRY
300020,2000036,BELONGS_INDUSTRY
300025,2000036,BELONGS_INDUSTRY
300028,2000036,BELONGS_INDUSTRY
300033,2000036,BELONGS_INDUSTRY
300036,2000036,BELONGS_INDUSTRY
300038,2000036,BELONGS_INDUSTRY
300042,2000036,BELONGS_INDUSTRY
300044,2000036,BELONGS_INDUSTRY
300045,2000036,BELONGS_INDUSTRY
300047,2000036,BELONGS_INDUSTRY
300050,2000036,BELONGS_INDUSTRY
300051,2000036,BELONGS_INDUSTRY
300052,2000036,BELONGS_INDUSTRY
300059,2000036,BELONGS_INDUSTRY
300065,2000036,BELONGS_INDUSTRY
300074,2000036,BELONGS_INDUSTRY
300075,2000036,BELONGS_INDUSTRY
300076,2000036,BELONGS_INDUSTRY
300079,2000036,BELONGS_INDUSTRY
300081,2000036,BELONGS_INDUSTRY
300085,2000036,BELONGS_INDUSTRY
300096,2000036,BELONGS_INDUSTRY
300098,2000036,BELONGS_INDUSTRY
300101,2000036,BELONGS_INDUSTRY
300104,2000036,BELONGS_INDUSTRY
300113,2000036,BELONGS_INDUSTRY
300130,2000036,BELONGS_INDUSTRY
300134,2000036,BELONGS_INDUSTRY
300136,2000036,BELONGS_INDUSTRY
300150,2000036,BELONGS_INDUSTRY
300166,2000036,BELONGS_INDUSTRY
300167,2000036,BELONGS_INDUSTRY
300168,2000036,BELONGS_INDUSTRY
300170,2000036,BELONGS_INDUSTRY
300177,2000036,BELONGS_INDUSTRY
300182,2000036,BELONGS_INDUSTRY
300183,2000036,BELONGS_INDUSTRY
300188,2000036,BELONGS_INDUSTRY
300209,2000036,BELONGS_INDUSTRY
300211,2000036,BELONGS_INDUSTRY
300212,2000036,BELONGS_INDUSTRY
300213,2000036,BELONGS_INDUSTRY
300226,2000036,BELONGS_INDUSTRY
300229,2000036,BELONGS_INDUSTRY
300231,2000036,BELONGS_INDUSTRY
300235,2000036,BELONGS_INDUSTRY
300245,2000036,BELONGS_INDUSTRY
300248,2000036,BELONGS_INDUSTRY
300250,2000036,BELONGS_INDUSTRY
300253,2000036,BELONGS_INDUSTRY
300264,2000036,BELONGS_INDUSTRY
300270,2000036,BELONGS_INDUSTRY
300271,2000036,BELONGS_INDUSTRY
300275,2000036,BELONGS_INDUSTRY
300277,2000036,BELONGS_INDUSTRY
300282,2000036,BELONGS_INDUSTRY
300287,2000036,BELONGS_INDUSTRY
300288,2000036,BELONGS_INDUSTRY
300290,2000036,BELONGS_INDUSTRY
300292,2000036,BELONGS_INDUSTRY
300295,2000036,BELONGS_INDUSTRY
300297,2000036,BELONGS_INDUSTRY
300299,2000036,BELONGS_INDUSTRY
300300,2000036,BELONGS_INDUSTRY
300302,2000036,BELONGS_INDUSTRY
300310,2000036,BELONGS_INDUSTRY
300311,2000036,BELONGS_INDUSTRY
300312,2000036,BELONGS_INDUSTRY
300315,2000036,BELONGS_INDUSTRY
300322,2000036,BELONGS_INDUSTRY
300324,2000036,BELONGS_INDUSTRY
300330,2000036,BELONGS_INDUSTRY
300333,2000036,BELONGS_INDUSTRY
300339,2000036,BELONGS_INDUSTRY
300348,2000036,BELONGS_INDUSTRY
300352,2000036,BELONGS_INDUSTRY
300353,2000036,BELONGS_INDUSTRY
300359,2000036,BELONGS_INDUSTRY
300365,2000036,BELONGS_INDUSTRY
300366,2000036,BELONGS_INDUSTRY
300367,2000036,BELONGS_INDUSTRY
300369,2000036,BELONGS_INDUSTRY
300377,2000036,BELONGS_INDUSTRY
300378,2000036,BELONGS_INDUSTRY
300379,2000036,BELONGS_INDUSTRY
300380,2000036,BELONGS_INDUSTRY
300383,2000036,BELONGS_INDUSTRY
300386,2000036,BELONGS_INDUSTRY
300390,2000036,BELONGS_INDUSTRY
300392,2000036,BELONGS_INDUSTRY
300394,2000036,BELONGS_INDUSTRY
300397,2000036,BELONGS_INDUSTRY
300399,2000036,BELONGS_INDUSTRY
300418,2000036,BELONGS_INDUSTRY
300419,2000036,BELONGS_INDUSTRY
300431,2000036,BELONGS_INDUSTRY
300440,2000036,BELONGS_INDUSTRY
300448,2000036,BELONGS_INDUSTRY
300449,2000036,BELONGS_INDUSTRY
600086,2000037,BELONGS_INDUSTRY
600107,2000037,BELONGS_INDUSTRY
600137,2000037,BELONGS_INDUSTRY
600177,2000037,BELONGS_INDUSTRY
600233,2000037,BELONGS_INDUSTRY
600272,2000037,BELONGS_INDUSTRY
600295,2000037,BELONGS_INDUSTRY
600398,2000037,BELONGS_INDUSTRY
600400,2000037,BELONGS_INDUSTRY
600439,2000037,BELONGS_INDUSTRY
600612,2000037,BELONGS_INDUSTRY
600884,2000037,BELONGS_INDUSTRY
601566,2000037,BELONGS_INDUSTRY
601718,2000037,BELONGS_INDUSTRY
603001,2000037,BELONGS_INDUSTRY
603518,2000037,BELONGS_INDUSTRY
603555,2000037,BELONGS_INDUSTRY
603808,2000037,BELONGS_INDUSTRY
002003,2000037,BELONGS_INDUSTRY
002029,2000037,BELONGS_INDUSTRY
002036,2000037,BELONGS_INDUSTRY
002044,2000037,BELONGS_INDUSTRY
002098,2000037,BELONGS_INDUSTRY
002154,2000037,BELONGS_INDUSTRY
002239,2000037,BELONGS_INDUSTRY
002269,2000037,BELONGS_INDUSTRY
002291,2000037,BELONGS_INDUSTRY
002293,2000037,BELONGS_INDUSTRY
002327,2000037,BELONGS_INDUSTRY
002345,2000037,BELONGS_INDUSTRY
002397,2000037,BELONGS_INDUSTRY
002425,2000037,BELONGS_INDUSTRY
002485,2000037,BELONGS_INDUSTRY
002486,2000037,BELONGS_INDUSTRY
002494,2000037,BELONGS_INDUSTRY
002503,2000037,BELONGS_INDUSTRY
002517,2000037,BELONGS_INDUSTRY
002563,2000037,BELONGS_INDUSTRY
002569,2000037,BELONGS_INDUSTRY
002574,2000037,BELONGS_INDUSTRY
002612,2000037,BELONGS_INDUSTRY
002634,2000037,BELONGS_INDUSTRY
002640,2000037,BELONGS_INDUSTRY
002656,2000037,BELONGS_INDUSTRY
002674,2000037,BELONGS_INDUSTRY
002687,2000037,BELONGS_INDUSTRY
002731,2000037,BELONGS_INDUSTRY
002740,2000037,BELONGS_INDUSTRY
300005,2000037,BELONGS_INDUSTRY
600083,2000038,BELONGS_INDUSTRY
600151,2000038,BELONGS_INDUSTRY
600171,2000038,BELONGS_INDUSTRY
600183,2000038,BELONGS_INDUSTRY
600203,2000038,BELONGS_INDUSTRY
600206,2000038,BELONGS_INDUSTRY
600207,2000038,BELONGS_INDUSTRY
600237,2000038,BELONGS_INDUSTRY
600353,2000038,BELONGS_INDUSTRY
600355,2000038,BELONGS_INDUSTRY
600360,2000038,BELONGS_INDUSTRY
600363,2000038,BELONGS_INDUSTRY
600401,2000038,BELONGS_INDUSTRY
600460,2000038,BELONGS_INDUSTRY
600478,2000038,BELONGS_INDUSTRY
600537,2000038,BELONGS_INDUSTRY
600563,2000038,BELONGS_INDUSTRY
600584,2000038,BELONGS_INDUSTRY
600602,2000038,BELONGS_INDUSTRY
600667,2000038,BELONGS_INDUSTRY
600703,2000038,BELONGS_INDUSTRY
600707,2000038,BELONGS_INDUSTRY
600747,2000038,BELONGS_INDUSTRY
600817,2000038,BELONGS_INDUSTRY
600980,2000038,BELONGS_INDUSTRY
601012,2000038,BELONGS_INDUSTRY
601231,2000038,BELONGS_INDUSTRY
601908,2000038,BELONGS_INDUSTRY
603005,2000038,BELONGS_INDUSTRY
603118,2000038,BELONGS_INDUSTRY
603328,2000038,BELONGS_INDUSTRY
603678,2000038,BELONGS_INDUSTRY
000020,2000038,BELONGS_INDUSTRY
000050,2000038,BELONGS_INDUSTRY
000058,2000038,BELONGS_INDUSTRY
000068,2000038,BELONGS_INDUSTRY
000413,2000038,BELONGS_INDUSTRY
000536,2000038,BELONGS_INDUSTRY
000636,2000038,BELONGS_INDUSTRY
000670,2000038,BELONGS_INDUSTRY
000725,2000038,BELONGS_INDUSTRY
000727,2000038,BELONGS_INDUSTRY
000733,2000038,BELONGS_INDUSTRY
000810,2000038,BELONGS_INDUSTRY
000823,2000038,BELONGS_INDUSTRY
002025,2000038,BELONGS_INDUSTRY
002045,2000038,BELONGS_INDUSTRY
002049,2000038,BELONGS_INDUSTRY
002055,2000038,BELONGS_INDUSTRY
002056,2000038,BELONGS_INDUSTRY
002057,2000038,BELONGS_INDUSTRY
002079,2000038,BELONGS_INDUSTRY
002104,2000038,BELONGS_INDUSTRY
002106,2000038,BELONGS_INDUSTRY
002119,2000038,BELONGS_INDUSTRY
002129,2000038,BELONGS_INDUSTRY
002134,2000038,BELONGS_INDUSTRY
002137,2000038,BELONGS_INDUSTRY
002138,2000038,BELONGS_INDUSTRY
002139,2000038,BELONGS_INDUSTRY
002141,2000038,BELONGS_INDUSTRY
002156,2000038,BELONGS_INDUSTRY
002179,2000038,BELONGS_INDUSTRY
002185,2000038,BELONGS_INDUSTRY
002188,2000038,BELONGS_INDUSTRY
002189,2000038,BELONGS_INDUSTRY
002199,2000038,BELONGS_INDUSTRY
002217,2000038,BELONGS_INDUSTRY
002218,2000038,BELONGS_INDUSTRY
002222,2000038,BELONGS_INDUSTRY
002241,2000038,BELONGS_INDUSTRY
002273,2000038,BELONGS_INDUSTRY
002288,2000038,BELONGS_INDUSTRY
002289,2000038,BELONGS_INDUSTRY
002371,2000038,BELONGS_INDUSTRY
002388,2000038,BELONGS_INDUSTRY
002389,2000038,BELONGS_INDUSTRY
002402,2000038,BELONGS_INDUSTRY
002426,2000038,BELONGS_INDUSTRY
002436,2000038,BELONGS_INDUSTRY
002449,2000038,BELONGS_INDUSTRY
002456,2000038,BELONGS_INDUSTRY
002463,2000038,BELONGS_INDUSTRY
002475,2000038,BELONGS_INDUSTRY
002484,2000038,BELONGS_INDUSTRY
002504,2000038,BELONGS_INDUSTRY
002506,2000038,BELONGS_INDUSTRY
002512,2000038,BELONGS_INDUSTRY
002579,2000038,BELONGS_INDUSTRY
002587,2000038,BELONGS_INDUSTRY
002600,2000038,BELONGS_INDUSTRY
002618,2000038,BELONGS_INDUSTRY
002636,2000038,BELONGS_INDUSTRY
002638,2000038,BELONGS_INDUSTRY
002654,2000038,BELONGS_INDUSTRY
002655,2000038,BELONGS_INDUSTRY
002724,2000038,BELONGS_INDUSTRY
002729,2000038,BELONGS_INDUSTRY
002745,2000038,BELONGS_INDUSTRY
300014,2000038,BELONGS_INDUSTRY
300029,2000038,BELONGS_INDUSTRY
300032,2000038,BELONGS_INDUSTRY
300046,2000038,BELONGS_INDUSTRY
300053,2000038,BELONGS_INDUSTRY
300077,2000038,BELONGS_INDUSTRY
300078,2000038,BELONGS_INDUSTRY
300083,2000038,BELONGS_INDUSTRY
300088,2000038,BELONGS_INDUSTRY
300102,2000038,BELONGS_INDUSTRY
300111,2000038,BELONGS_INDUSTRY
300114,2000038,BELONGS_INDUSTRY
300115,2000038,BELONGS_INDUSTRY
300118,2000038,BELONGS_INDUSTRY
300127,2000038,BELONGS_INDUSTRY
300128,2000038,BELONGS_INDUSTRY
300131,2000038,BELONGS_INDUSTRY
300139,2000038,BELONGS_INDUSTRY
300154,2000038,BELONGS_INDUSTRY
300155,2000038,BELONGS_INDUSTRY
300162,2000038,BELONGS_INDUSTRY
300184,2000038,BELONGS_INDUSTRY
300205,2000038,BELONGS_INDUSTRY
300207,2000038,BELONGS_INDUSTRY
300215,2000038,BELONGS_INDUSTRY
300219,2000038,BELONGS_INDUSTRY
300220,2000038,BELONGS_INDUSTRY
300223,2000038,BELONGS_INDUSTRY
300224,2000038,BELONGS_INDUSTRY
300227,2000038,BELONGS_INDUSTRY
300232,2000038,BELONGS_INDUSTRY
300241,2000038,BELONGS_INDUSTRY
300242,2000038,BELONGS_INDUSTRY
300256,2000038,BELONGS_INDUSTRY
300269,2000038,BELONGS_INDUSTRY
300279,2000038,BELONGS_INDUSTRY
300296,2000038,BELONGS_INDUSTRY
300301,2000038,BELONGS_INDUSTRY
300303,2000038,BELONGS_INDUSTRY
300317,2000038,BELONGS_INDUSTRY
300319,2000038,BELONGS_INDUSTRY
300323,2000038,BELONGS_INDUSTRY
300327,2000038,BELONGS_INDUSTRY
300331,2000038,BELONGS_INDUSTRY
300340,2000038,BELONGS_INDUSTRY
300342,2000038,BELONGS_INDUSTRY
300346,2000038,BELONGS_INDUSTRY
300351,2000038,BELONGS_INDUSTRY
300373,2000038,BELONGS_INDUSTRY
300389,2000038,BELONGS_INDUSTRY
300408,2000038,BELONGS_INDUSTRY
300414,2000038,BELONGS_INDUSTRY
300433,2000038,BELONGS_INDUSTRY
600011,2000039,BELONGS_INDUSTRY
600021,2000039,BELONGS_INDUSTRY
600023,2000039,BELONGS_INDUSTRY
600027,2000039,BELONGS_INDUSTRY
600098,2000039,BELONGS_INDUSTRY
600101,2000039,BELONGS_INDUSTRY
600110,2000039,BELONGS_INDUSTRY
600116,2000039,BELONGS_INDUSTRY
600131,2000039,BELONGS_INDUSTRY
600236,2000039,BELONGS_INDUSTRY
600310,2000039,BELONGS_INDUSTRY
600396,2000039,BELONGS_INDUSTRY
600452,2000039,BELONGS_INDUSTRY
600483,2000039,BELONGS_INDUSTRY
600505,2000039,BELONGS_INDUSTRY
600509,2000039,BELONGS_INDUSTRY
600578,2000039,BELONGS_INDUSTRY
600642,2000039,BELONGS_INDUSTRY
600644,2000039,BELONGS_INDUSTRY
600674,2000039,BELONGS_INDUSTRY
600726,2000039,BELONGS_INDUSTRY
600744,2000039,BELONGS_INDUSTRY
600769,2000039,BELONGS_INDUSTRY
600780,2000039,BELONGS_INDUSTRY
600795,2000039,BELONGS_INDUSTRY
600863,2000039,BELONGS_INDUSTRY
600864,2000039,BELONGS_INDUSTRY
600868,2000039,BELONGS_INDUSTRY
600869,2000039,BELONGS_INDUSTRY
600886,2000039,BELONGS_INDUSTRY
600900,2000039,BELONGS_INDUSTRY
600969,2000039,BELONGS_INDUSTRY
600979,2000039,BELONGS_INDUSTRY
600995,2000039,BELONGS_INDUSTRY
601016,2000039,BELONGS_INDUSTRY
601991,2000039,BELONGS_INDUSTRY
000027,2000039,BELONGS_INDUSTRY
000037,2000039,BELONGS_INDUSTRY
000531,2000039,BELONGS_INDUSTRY
000539,2000039,BELONGS_INDUSTRY
000543,2000039,BELONGS_INDUSTRY
000600,2000039,BELONGS_INDUSTRY
000601,2000039,BELONGS_INDUSTRY
000602,2000039,BELONGS_INDUSTRY
000690,2000039,BELONGS_INDUSTRY
000720,2000039,BELONGS_INDUSTRY
000722,2000039,BELONGS_INDUSTRY
000767,2000039,BELONGS_INDUSTRY
000791,2000039,BELONGS_INDUSTRY
000862,2000039,BELONGS_INDUSTRY
000875,2000039,BELONGS_INDUSTRY
000883,2000039,BELONGS_INDUSTRY
000899,2000039,BELONGS_INDUSTRY
000939,2000039,BELONGS_INDUSTRY
000958,2000039,BELONGS_INDUSTRY
000966,2000039,BELONGS_INDUSTRY
000993,2000039,BELONGS_INDUSTRY
001896,2000039,BELONGS_INDUSTRY
002039,2000039,BELONGS_INDUSTRY
002479,2000039,BELONGS_INDUSTRY
002692,2000039,BELONGS_INDUSTRY
300423,2000039,BELONGS_INDUSTRY
600006,2000040,BELONGS_INDUSTRY
600066,2000040,BELONGS_INDUSTRY
600081,2000040,BELONGS_INDUSTRY
600093,2000040,BELONGS_INDUSTRY
600104,2000040,BELONGS_INDUSTRY
600148,2000040,BELONGS_INDUSTRY
600166,2000040,BELONGS_INDUSTRY
600178,2000040,BELONGS_INDUSTRY
600182,2000040,BELONGS_INDUSTRY
600213,2000040,BELONGS_INDUSTRY
600303,2000040,BELONGS_INDUSTRY
600335,2000040,BELONGS_INDUSTRY
600375,2000040,BELONGS_INDUSTRY
600418,2000040,BELONGS_INDUSTRY
600469,2000040,BELONGS_INDUSTRY
600480,2000040,BELONGS_INDUSTRY
600501,2000040,BELONGS_INDUSTRY
600523,2000040,BELONGS_INDUSTRY
600609,2000040,BELONGS_INDUSTRY
600623,2000040,BELONGS_INDUSTRY
600653,2000040,BELONGS_INDUSTRY
600660,2000040,BELONGS_INDUSTRY
600676,2000040,BELONGS_INDUSTRY
600686,2000040,BELONGS_INDUSTRY
600698,2000040,BELONGS_INDUSTRY
600699,2000040,BELONGS_INDUSTRY
600715,2000040,BELONGS_INDUSTRY
600741,2000040,BELONGS_INDUSTRY
600742,2000040,BELONGS_INDUSTRY
600760,2000040,BELONGS_INDUSTRY
600960,2000040,BELONGS_INDUSTRY
600991,2000040,BELONGS_INDUSTRY
601058,2000040,BELONGS_INDUSTRY
601238,2000040,BELONGS_INDUSTRY
601258,2000040,BELONGS_INDUSTRY
601633,2000040,BELONGS_INDUSTRY
601689,2000040,BELONGS_INDUSTRY
601799,2000040,BELONGS_INDUSTRY
601965,2000040,BELONGS_INDUSTRY
603006,2000040,BELONGS_INDUSTRY
603009,2000040,BELONGS_INDUSTRY
603158,2000040,BELONGS_INDUSTRY
603166,2000040,BELONGS_INDUSTRY
603306,2000040,BELONGS_INDUSTRY
603788,2000040,BELONGS_INDUSTRY
603997,2000040,BELONGS_INDUSTRY
000025,2000040,BELONGS_INDUSTRY
000030,2000040,BELONGS_INDUSTRY
000338,2000040,BELONGS_INDUSTRY
000550,2000040,BELONGS_INDUSTRY
000559,2000040,BELONGS_INDUSTRY
000572,2000040,BELONGS_INDUSTRY
000581,2000040,BELONGS_INDUSTRY
000589,2000040,BELONGS_INDUSTRY
000599,2000040,BELONGS_INDUSTRY
000622,2000040,BELONGS_INDUSTRY
000625,2000040,BELONGS_INDUSTRY
000700,2000040,BELONGS_INDUSTRY
000710,2000040,BELONGS_INDUSTRY
000753,2000040,BELONGS_INDUSTRY
000757,2000040,BELONGS_INDUSTRY
000760,2000040,BELONGS_INDUSTRY
000800,2000040,BELONGS_INDUSTRY
000868,2000040,BELONGS_INDUSTRY
000927,2000040,BELONGS_INDUSTRY
000951,2000040,BELONGS_INDUSTRY
000957,2000040,BELONGS_INDUSTRY
002013,2000040,BELONGS_INDUSTRY
002031,2000040,BELONGS_INDUSTRY
002048,2000040,BELONGS_INDUSTRY
002085,2000040,BELONGS_INDUSTRY
002126,2000040,BELONGS_INDUSTRY
002190,2000040,BELONGS_INDUSTRY
002213,2000040,BELONGS_INDUSTRY
002265,2000040,BELONGS_INDUSTRY
002283,2000040,BELONGS_INDUSTRY
002284,2000040,BELONGS_INDUSTRY
002355,2000040,BELONGS_INDUSTRY
002363,2000040,BELONGS_INDUSTRY
002406,2000040,BELONGS_INDUSTRY
002434,2000040,BELONGS_INDUSTRY
002454,2000040,BELONGS_INDUSTRY
002488,2000040,BELONGS_INDUSTRY
002510,2000040,BELONGS_INDUSTRY
002536,2000040,BELONGS_INDUSTRY
002555,2000040,BELONGS_INDUSTRY
002590,2000040,BELONGS_INDUSTRY
002593,2000040,BELONGS_INDUSTRY
002594,2000040,BELONGS_INDUSTRY
002602,2000040,BELONGS_INDUSTRY
002607,2000040,BELONGS_INDUSTRY
002625,2000040,BELONGS_INDUSTRY
002662,2000040,BELONGS_INDUSTRY
002703,2000040,BELONGS_INDUSTRY
002708,2000040,BELONGS_INDUSTRY
002715,2000040,BELONGS_INDUSTRY
002725,2000040,BELONGS_INDUSTRY
300100,2000040,BELONGS_INDUSTRY
300176,2000040,BELONGS_INDUSTRY
300258,2000040,BELONGS_INDUSTRY
300304,2000040,BELONGS_INDUSTRY
300375,2000040,BELONGS_INDUSTRY
300432,2000040,BELONGS_INDUSTRY
600337,2000041,BELONGS_INDUSTRY
600978,2000041,BELONGS_INDUSTRY
603008,2000041,BELONGS_INDUSTRY
603600,2000041,BELONGS_INDUSTRY
603818,2000041,BELONGS_INDUSTRY
603898,2000041,BELONGS_INDUSTRY
000910,2000041,BELONGS_INDUSTRY
002084,2000041,BELONGS_INDUSTRY
002120,2000041,BELONGS_INDUSTRY
002240,2000041,BELONGS_INDUSTRY
002259,2000041,BELONGS_INDUSTRY
002489,2000041,BELONGS_INDUSTRY
002572,2000041,BELONGS_INDUSTRY
002631,2000041,BELONGS_INDUSTRY
002718,2000041,BELONGS_INDUSTRY
002751,2000041,BELONGS_INDUSTRY
600096,2000042,BELONGS_INDUSTRY
600226,2000042,BELONGS_INDUSTRY
600227,2000042,BELONGS_INDUSTRY
600230,2000042,BELONGS_INDUSTRY
600389,2000042,BELONGS_INDUSTRY
600423,2000042,BELONGS_INDUSTRY
600426,2000042,BELONGS_INDUSTRY
600470,2000042,BELONGS_INDUSTRY
600486,2000042,BELONGS_INDUSTRY
600538,2000042,BELONGS_INDUSTRY
600596,2000042,BELONGS_INDUSTRY
600691,2000042,BELONGS_INDUSTRY
600727,2000042,BELONGS_INDUSTRY
600731,2000042,BELONGS_INDUSTRY
600796,2000042,BELONGS_INDUSTRY
600803,2000042,BELONGS_INDUSTRY
603599,2000042,BELONGS_INDUSTRY
000155,2000042,BELONGS_INDUSTRY
000422,2000042,BELONGS_INDUSTRY
000525,2000042,BELONGS_INDUSTRY
000553,2000042,BELONGS_INDUSTRY
000578,2000042,BELONGS_INDUSTRY
000731,2000042,BELONGS_INDUSTRY
000792,2000042,BELONGS_INDUSTRY
000830,2000042,BELONGS_INDUSTRY
000902,2000042,BELONGS_INDUSTRY
000912,2000042,BELONGS_INDUSTRY
000950,2000042,BELONGS_INDUSTRY
000953,2000042,BELONGS_INDUSTRY
002004,2000042,BELONGS_INDUSTRY
002018,2000042,BELONGS_INDUSTRY
002113,2000042,BELONGS_INDUSTRY
002170,2000042,BELONGS_INDUSTRY
002215,2000042,BELONGS_INDUSTRY
002258,2000042,BELONGS_INDUSTRY
002274,2000042,BELONGS_INDUSTRY
002391,2000042,BELONGS_INDUSTRY
002470,2000042,BELONGS_INDUSTRY
002496,2000042,BELONGS_INDUSTRY
002513,2000042,BELONGS_INDUSTRY
002538,2000042,BELONGS_INDUSTRY
002539,2000042,BELONGS_INDUSTRY
002588,2000042,BELONGS_INDUSTRY
002734,2000042,BELONGS_INDUSTRY
002749,2000042,BELONGS_INDUSTRY
300261,2000042,BELONGS_INDUSTRY
600054,2000043,BELONGS_INDUSTRY
600138,2000043,BELONGS_INDUSTRY
600258,2000043,BELONGS_INDUSTRY
600358,2000043,BELONGS_INDUSTRY
600555,2000043,BELONGS_INDUSTRY
600593,2000043,BELONGS_INDUSTRY
600640,2000043,BELONGS_INDUSTRY
600706,2000043,BELONGS_INDUSTRY
600749,2000043,BELONGS_INDUSTRY
600754,2000043,BELONGS_INDUSTRY
601007,2000043,BELONGS_INDUSTRY
601888,2000043,BELONGS_INDUSTRY
603099,2000043,BELONGS_INDUSTRY
603199,2000043,BELONGS_INDUSTRY
603869,2000043,BELONGS_INDUSTRY
000007,2000043,BELONGS_INDUSTRY
000033,2000043,BELONGS_INDUSTRY
000069,2000043,BELONGS_INDUSTRY
000428,2000043,BELONGS_INDUSTRY
000430,2000043,BELONGS_INDUSTRY
000524,2000043,BELONGS_INDUSTRY
000610,2000043,BELONGS_INDUSTRY
000613,2000043,BELONGS_INDUSTRY
000721,2000043,BELONGS_INDUSTRY
000802,2000043,BELONGS_INDUSTRY
000888,2000043,BELONGS_INDUSTRY
000978,2000043,BELONGS_INDUSTRY
002033,2000043,BELONGS_INDUSTRY
002059,2000043,BELONGS_INDUSTRY
002159,2000043,BELONGS_INDUSTRY
002186,2000043,BELONGS_INDUSTRY
002306,2000043,BELONGS_INDUSTRY
002558,2000043,BELONGS_INDUSTRY
002707,2000043,BELONGS_INDUSTRY
300144,2000043,BELONGS_INDUSTRY
300178,2000043,BELONGS_INDUSTRY
600217,2000044,BELONGS_INDUSTRY
600318,2000044,BELONGS_INDUSTRY
600425,2000044,BELONGS_INDUSTRY
600449,2000044,BELONGS_INDUSTRY
600539,2000044,BELONGS_INDUSTRY
600553,2000044,BELONGS_INDUSTRY
600585,2000044,BELONGS_INDUSTRY
600668,2000044,BELONGS_INDUSTRY
600678,2000044,BELONGS_INDUSTRY
600720,2000044,BELONGS_INDUSTRY
600801,2000044,BELONGS_INDUSTRY
600802,2000044,BELONGS_INDUSTRY
600881,2000044,BELONGS_INDUSTRY
600883,2000044,BELONGS_INDUSTRY
601992,2000044,BELONGS_INDUSTRY
000401,2000044,BELONGS_INDUSTRY
000546,2000044,BELONGS_INDUSTRY
000672,2000044,BELONGS_INDUSTRY
000789,2000044,BELONGS_INDUSTRY
000877,2000044,BELONGS_INDUSTRY
000885,2000044,BELONGS_INDUSTRY
000935,2000044,BELONGS_INDUSTRY
002233,2000044,BELONGS_INDUSTRY
002302,2000044,BELONGS_INDUSTRY
002346,2000044,BELONGS_INDUSTRY
002619,2000044,BELONGS_INDUSTRY
600058,2000045,BELONGS_INDUSTRY
600120,2000045,BELONGS_INDUSTRY
600128,2000045,BELONGS_INDUSTRY
600153,2000045,BELONGS_INDUSTRY
600241,2000045,BELONGS_INDUSTRY
600247,2000045,BELONGS_INDUSTRY
600250,2000045,BELONGS_INDUSTRY
600278,2000045,BELONGS_INDUSTRY
600287,2000045,BELONGS_INDUSTRY
600382,2000045,BELONGS_INDUSTRY
600500,2000045,BELONGS_INDUSTRY
600605,2000045,BELONGS_INDUSTRY
600704,2000045,BELONGS_INDUSTRY
600739,2000045,BELONGS_INDUSTRY
600755,2000045,BELONGS_INDUSTRY
600822,2000045,BELONGS_INDUSTRY
600826,2000045,BELONGS_INDUSTRY
600981,2000045,BELONGS_INDUSTRY
000151,2000045,BELONGS_INDUSTRY
000626,2000045,BELONGS_INDUSTRY
002091,2000045,BELONGS_INDUSTRY
600099,2000046,BELONGS_INDUSTRY
600877,2000046,BELONGS_INDUSTRY
601777,2000046,BELONGS_INDUSTRY
603766,2000046,BELONGS_INDUSTRY
000913,2000046,BELONGS_INDUSTRY
001696,2000046,BELONGS_INDUSTRY
600210,2000047,BELONGS_INDUSTRY
600836,2000047,BELONGS_INDUSTRY
600880,2000047,BELONGS_INDUSTRY
601515,2000047,BELONGS_INDUSTRY
603729,2000047,BELONGS_INDUSTRY
000659,2000047,BELONGS_INDUSTRY
000673,2000047,BELONGS_INDUSTRY
000812,2000047,BELONGS_INDUSTRY
002117,2000047,BELONGS_INDUSTRY
002191,2000047,BELONGS_INDUSTRY
002228,2000047,BELONGS_INDUSTRY
002229,2000047,BELONGS_INDUSTRY
002374,2000047,BELONGS_INDUSTRY
002400,2000047,BELONGS_INDUSTRY
002599,2000047,BELONGS_INDUSTRY
002701,2000047,BELONGS_INDUSTRY
002752,2000047,BELONGS_INDUSTRY
300057,2000047,BELONGS_INDUSTRY
300058,2000047,BELONGS_INDUSTRY
300071,2000047,BELONGS_INDUSTRY
600060,2000048,BELONGS_INDUSTRY
600261,2000048,BELONGS_INDUSTRY
600336,2000048,BELONGS_INDUSTRY
600690,2000048,BELONGS_INDUSTRY
600839,2000048,BELONGS_INDUSTRY
600854,2000048,BELONGS_INDUSTRY
600870,2000048,BELONGS_INDUSTRY
600983,2000048,BELONGS_INDUSTRY
603366,2000048,BELONGS_INDUSTRY
603519,2000048,BELONGS_INDUSTRY
000016,2000048,BELONGS_INDUSTRY
000100,2000048,BELONGS_INDUSTRY
000333,2000048,BELONGS_INDUSTRY
000418,2000048,BELONGS_INDUSTRY
000521,2000048,BELONGS_INDUSTRY
000527,2000048,BELONGS_INDUSTRY
000533,2000048,BELONGS_INDUSTRY
000541,2000048,BELONGS_INDUSTRY
000651,2000048,BELONGS_INDUSTRY
000921,2000048,BELONGS_INDUSTRY
002005,2000048,BELONGS_INDUSTRY
002032,2000048,BELONGS_INDUSTRY
002035,2000048,BELONGS_INDUSTRY
002076,2000048,BELONGS_INDUSTRY
002242,2000048,BELONGS_INDUSTRY
002260,2000048,BELONGS_INDUSTRY
002290,2000048,BELONGS_INDUSTRY
002403,2000048,BELONGS_INDUSTRY
002429,2000048,BELONGS_INDUSTRY
002473,2000048,BELONGS_INDUSTRY
002508,2000048,BELONGS_INDUSTRY
002543,2000048,BELONGS_INDUSTRY
002668,2000048,BELONGS_INDUSTRY
002677,2000048,BELONGS_INDUSTRY
002681,2000048,BELONGS_INDUSTRY
002705,2000048,BELONGS_INDUSTRY
002723,2000048,BELONGS_INDUSTRY
